-- =====================================================
-- File:        test_data.sql
-- Purpose:     Seed data for PrimeAutocare.
--              Generated; keys are explicit so FKs stay stable.
-- Created:     2026-07-15
-- =====================================================
-- All employees share the development password: Passw0rd!

TRUNCATE JOB_ASSIGNMENT, VEHICLE_VISIT, VEHICLE, CUSTOMER, JOB, EMPLOYEE RESTART IDENTITY CASCADE;

-- EMPLOYEE (20)
INSERT INTO EMPLOYEE (emp_no, emp_gname, emp_fname, emp_phone, emp_email, emp_passhash, emp_role, emp_create_dt) VALUES ('EM0001', 'Jessica', 'Martin', '+94771932353', 'j.martin@primeauto.lk', '$2b$12$As5ydH93zoKoUYWRiqomAeqStxZDptO4AVqaJHHrXVio4.32hCGM2', 'A', '2024-12-04');
INSERT INTO EMPLOYEE (emp_no, emp_gname, emp_fname, emp_phone, emp_email, emp_passhash, emp_role, emp_create_dt) VALUES ('EM0002', 'Robert', 'Collins', '+94772582399', 'r.collins@primeauto.lk', '$2b$12$Ok8e/LLUNONLoZSJKi0ZBuInTysnWsdGPcWUQNbjzUiHok3xp6ZyK', 'A', '2024-02-14');
INSERT INTO EMPLOYEE (emp_no, emp_gname, emp_fname, emp_phone, emp_email, emp_passhash, emp_role, emp_create_dt) VALUES ('EM0003', 'Richard', 'Lee', '+94774656438', 'r.lee@primeauto.lk', '$2b$12$FVgvnmRSvLKFzW/74GAXmO3gJZpjtq2rsXihfhIWhxoAhkt9MimM.', 'S', '2026-01-21');
INSERT INTO EMPLOYEE (emp_no, emp_gname, emp_fname, emp_phone, emp_email, emp_passhash, emp_role, emp_create_dt) VALUES ('EM0004', 'Christopher', 'Harris', '+94771092624', 'c.harris@primeauto.lk', '$2b$12$wQvQtVcaNFeSDlkHB5dX8.w.JSNGdYaoAQfB0kQPuCXsi5LVLqixa', 'S', '2025-01-10');
INSERT INTO EMPLOYEE (emp_no, emp_gname, emp_fname, emp_phone, emp_email, emp_passhash, emp_role, emp_create_dt) VALUES ('EM0005', 'Cynthia', 'Richardson', '+94770319561', 'c.richardson@primeauto.lk', '$2b$12$JDW73u70vI33mgtj9y23KuzpnUsw0yL6Y3fZ8TIFvA7XgWncJOmsu', 'S', '2024-06-23');
INSERT INTO EMPLOYEE (emp_no, emp_gname, emp_fname, emp_phone, emp_email, emp_passhash, emp_role, emp_create_dt) VALUES ('EM0006', 'Helen', 'Cook', '+94772559248', 'h.cook@primeauto.lk', '$2b$12$i4D46XUvfOLXzbQnVy6ZNetcnuLyD505btsvYy3ySjpYMSupxvx5K', 'S', '2026-01-17');
INSERT INTO EMPLOYEE (emp_no, emp_gname, emp_fname, emp_phone, emp_email, emp_passhash, emp_role, emp_create_dt) VALUES ('EM0007', 'Brenda', 'Mitchell', '+94774815528', 'b.mitchell@primeauto.lk', '$2b$12$8Bkqz52OdEFTv.YeN9bQsewDMwYYbMFSznzmwLr2fuFlZs6a1wwP2', 'T', '2025-03-28');
INSERT INTO EMPLOYEE (emp_no, emp_gname, emp_fname, emp_phone, emp_email, emp_passhash, emp_role, emp_create_dt) VALUES ('EM0008', 'Angela', 'Rogers', '+94775977771', 'a.rogers@primeauto.lk', '$2b$12$TIZstg2wViVW9pVZRMHKXOqXD0sNVemaB1Bm8aZEZKn1BCjR7E2By', 'T', '2024-12-15');
INSERT INTO EMPLOYEE (emp_no, emp_gname, emp_fname, emp_phone, emp_email, emp_passhash, emp_role, emp_create_dt) VALUES ('EM0009', 'Nancy', 'Johnson', '+94778851320', 'n.johnson@primeauto.lk', '$2b$12$kQYWkcIaz3wrBjdFHoISN.9EvEbvCgGFLCYXmr3f7kc8OjPwi1mIO', 'T', '2026-01-23');
INSERT INTO EMPLOYEE (emp_no, emp_gname, emp_fname, emp_phone, emp_email, emp_passhash, emp_role, emp_create_dt) VALUES ('EM0010', 'Pamela', 'Garcia', '+94770464621', 'p.garcia@primeauto.lk', '$2b$12$sm4YrXiI7KBcKGEVmp1F.OO7wxopr8UXcMdg78plE/4nn8z5kcqGS', 'T', '2025-06-27');
INSERT INTO EMPLOYEE (emp_no, emp_gname, emp_fname, emp_phone, emp_email, emp_passhash, emp_role, emp_create_dt) VALUES ('EM0011', 'Pamela', 'Parker', '+94776795161', 'p.parker@primeauto.lk', '$2b$12$ohkCRCJN/6XbK.WaM81sPuL8ZHrbddS9NZ72MEPezV/MoRC5J/Yxy', 'T', '2024-08-15');
INSERT INTO EMPLOYEE (emp_no, emp_gname, emp_fname, emp_phone, emp_email, emp_passhash, emp_role, emp_create_dt) VALUES ('EM0012', 'Stephanie', 'Morris', '+94772947433', 's.morris@primeauto.lk', '$2b$12$UFZfe52XfKyQJ4xFCRngnOiZvYn9JdnhR8RUj3g72dQg85WcOdry2', 'T', '2024-08-10');
INSERT INTO EMPLOYEE (emp_no, emp_gname, emp_fname, emp_phone, emp_email, emp_passhash, emp_role, emp_create_dt) VALUES ('EM0013', 'Carol', 'Stewart', '+94774788930', 'c.stewart@primeauto.lk', '$2b$12$30WrSxjSE/A3eu0LuFABOubcNx5ldLR0N.L8FwoYfR3bXwzbnZLcq', 'T', '2025-04-07');
INSERT INTO EMPLOYEE (emp_no, emp_gname, emp_fname, emp_phone, emp_email, emp_passhash, emp_role, emp_create_dt) VALUES ('EM0014', 'Steven', 'Murphy', '+94778114408', 's.murphy@primeauto.lk', '$2b$12$l1sSq895OGXzOi1016pvMugltZw0Pio/vBCzAuDwJBuGkj0oGqkhG', 'T', '2026-02-22');
INSERT INTO EMPLOYEE (emp_no, emp_gname, emp_fname, emp_phone, emp_email, emp_passhash, emp_role, emp_create_dt) VALUES ('EM0015', 'Dorothy', 'King', '+94775788933', 'd.king@primeauto.lk', '$2b$12$wqIgtkK1eQJREhTWa6hUzeQLUbsc2mUccH7GbEYj7U6ev3mk2j6Cq', 'T', '2024-11-08');
INSERT INTO EMPLOYEE (emp_no, emp_gname, emp_fname, emp_phone, emp_email, emp_passhash, emp_role, emp_create_dt) VALUES ('EM0016', 'Melissa', 'Green', '+94777727344', 'm.green@primeauto.lk', '$2b$12$H0SM9C5blvV4SG9.ZEI5JeZX5GEwDzTTeXhv.hZOxGrVgv9RUGDba', 'T', '2024-08-13');
INSERT INTO EMPLOYEE (emp_no, emp_gname, emp_fname, emp_phone, emp_email, emp_passhash, emp_role, emp_create_dt) VALUES ('EM0017', 'Matthew', 'Carter', '+94775534359', 'm.carter@primeauto.lk', '$2b$12$Eo8aOm3I0EZ8giheSe.C2e2NJJ1gcYfGePp0vimTqeyvzXFJOVGFC', 'T', '2024-02-09');
INSERT INTO EMPLOYEE (emp_no, emp_gname, emp_fname, emp_phone, emp_email, emp_passhash, emp_role, emp_create_dt) VALUES ('EM0018', 'Kathleen', 'Baker', '+94775208591', 'k.baker@primeauto.lk', '$2b$12$kbDAJ6R9olUPTMGA9zV6mOMk4dgTzRZuJ.yx.ZyVf917s7H5e4dry', 'T', '2025-07-07');
INSERT INTO EMPLOYEE (emp_no, emp_gname, emp_fname, emp_phone, emp_email, emp_passhash, emp_role, emp_create_dt) VALUES ('EM0019', 'Michael', 'Rogers', '+94778136781', 'm.rogers@primeauto.lk', '$2b$12$Rm3tkI/MFHKQhaw9XbZ2K.cCVaaQBrp0TEPYeSFiYM4mEAjQcFXnq', 'T', '2025-11-21');
INSERT INTO EMPLOYEE (emp_no, emp_gname, emp_fname, emp_phone, emp_email, emp_passhash, emp_role, emp_create_dt) VALUES ('EM0020', 'Michelle', 'Allen', '+94771413003', 'm.allen@primeauto.lk', '$2b$12$TSk5XNFF3p4jQvuwLZZrXudquhbRZu.38xKxL8CWCMGQgeA0S39IS', 'T', '2025-05-27');

-- JOB (30)
INSERT INTO JOB (job_no, job_desc) VALUES ('JO0001', 'Engine Oil and Filter Change');
INSERT INTO JOB (job_no, job_desc) VALUES ('JO0002', 'Tyre Rotation and Balancing');
INSERT INTO JOB (job_no, job_desc) VALUES ('JO0003', 'Wheel Alignment');
INSERT INTO JOB (job_no, job_desc) VALUES ('JO0004', 'Brake Pad Replacement');
INSERT INTO JOB (job_no, job_desc) VALUES ('JO0005', 'Brake Disc Skimming');
INSERT INTO JOB (job_no, job_desc) VALUES ('JO0006', 'Battery Test and Replacement');
INSERT INTO JOB (job_no, job_desc) VALUES ('JO0007', 'Air Filter Replacement');
INSERT INTO JOB (job_no, job_desc) VALUES ('JO0008', 'Cabin Filter Replacement');
INSERT INTO JOB (job_no, job_desc) VALUES ('JO0009', 'Spark Plug Replacement');
INSERT INTO JOB (job_no, job_desc) VALUES ('JO0010', 'Timing Belt Replacement');
INSERT INTO JOB (job_no, job_desc) VALUES ('JO0011', 'Coolant Flush and Refill');
INSERT INTO JOB (job_no, job_desc) VALUES ('JO0012', 'Transmission Fluid Service');
INSERT INTO JOB (job_no, job_desc) VALUES ('JO0013', 'Clutch Inspection and Adjustment');
INSERT INTO JOB (job_no, job_desc) VALUES ('JO0014', 'Suspension Strut Replacement');
INSERT INTO JOB (job_no, job_desc) VALUES ('JO0015', 'Shock Absorber Replacement');
INSERT INTO JOB (job_no, job_desc) VALUES ('JO0016', 'Exhaust System Repair');
INSERT INTO JOB (job_no, job_desc) VALUES ('JO0017', 'Radiator Repair');
INSERT INTO JOB (job_no, job_desc) VALUES ('JO0018', 'Air Conditioning Regas');
INSERT INTO JOB (job_no, job_desc) VALUES ('JO0019', 'AC Compressor Repair');
INSERT INTO JOB (job_no, job_desc) VALUES ('JO0020', 'Alternator Replacement');
INSERT INTO JOB (job_no, job_desc) VALUES ('JO0021', 'Starter Motor Repair');
INSERT INTO JOB (job_no, job_desc) VALUES ('JO0022', 'Headlight Alignment');
INSERT INTO JOB (job_no, job_desc) VALUES ('JO0023', 'Windscreen Wiper Replacement');
INSERT INTO JOB (job_no, job_desc) VALUES ('JO0024', 'Full Vehicle Diagnostic Scan');
INSERT INTO JOB (job_no, job_desc) VALUES ('JO0025', 'Annual Service Inspection');
INSERT INTO JOB (job_no, job_desc) VALUES ('JO0026', 'Emission Test and Certification');
INSERT INTO JOB (job_no, job_desc) VALUES ('JO0027', 'Power Steering Fluid Service');
INSERT INTO JOB (job_no, job_desc) VALUES ('JO0028', 'Fuel Injector Cleaning');
INSERT INTO JOB (job_no, job_desc) VALUES ('JO0029', 'Differential Oil Change');
INSERT INTO JOB (job_no, job_desc) VALUES ('JO0030', 'Underbody Rust Treatment');

-- CUSTOMER (60)
INSERT INTO CUSTOMER (cust_no, cust_name, cust_phone, cust_email) VALUES ('CU0001', 'Margaret Scott', '+94774509285', 'margaret.scott@example.com');
INSERT INTO CUSTOMER (cust_no, cust_name, cust_phone, cust_email) VALUES ('CU0002', 'Michael Smith', '+94779752006', 'michael.smith@example.com');
INSERT INTO CUSTOMER (cust_no, cust_name, cust_phone, cust_email) VALUES ('CU0003', 'Rebecca Morgan', '+94773466167', 'rebecca.morgan@example.com');
INSERT INTO CUSTOMER (cust_no, cust_name, cust_phone, cust_email) VALUES ('CU0004', 'Jonathan Nelson', '+94776370930', 'jonathan.nelson@example.com');
INSERT INTO CUSTOMER (cust_no, cust_name, cust_phone, cust_email) VALUES ('CU0005', 'Susan Peterson', '+94776179079', 'susan.peterson@example.com');
INSERT INTO CUSTOMER (cust_no, cust_name, cust_phone, cust_email) VALUES ('CU0006', 'Jason Wilson', '+94770560300', 'jason.wilson@example.com');
INSERT INTO CUSTOMER (cust_no, cust_name, cust_phone, cust_email) VALUES ('CU0007', 'Richard Moore', '+94777433549', 'richard.moore@example.com');
INSERT INTO CUSTOMER (cust_no, cust_name, cust_phone, cust_email) VALUES ('CU0008', 'Pamela Howard', '+94779130102', 'pamela.howard@example.com');
INSERT INTO CUSTOMER (cust_no, cust_name, cust_phone, cust_email) VALUES ('CU0009', 'Kathleen Evans', '+94773110057', 'kathleen.evans@example.com');
INSERT INTO CUSTOMER (cust_no, cust_name, cust_phone, cust_email) VALUES ('CU0010', 'Angela Miller', '+94773377090', 'angela.miller@example.com');
INSERT INTO CUSTOMER (cust_no, cust_name, cust_phone, cust_email) VALUES ('CU0011', 'Anna Green', '+94777690975', 'anna.green@example.com');
INSERT INTO CUSTOMER (cust_no, cust_name, cust_phone, cust_email) VALUES ('CU0012', 'Richard Roberts', '+94773472295', 'richard.roberts@example.com');
INSERT INTO CUSTOMER (cust_no, cust_name, cust_phone, cust_email) VALUES ('CU0013', 'Mark Johnson', '+94778007057', 'mark.johnson@example.com');
INSERT INTO CUSTOMER (cust_no, cust_name, cust_phone, cust_email) VALUES ('CU0014', 'Jason Wright', '+94778269603', 'jason.wright@example.com');
INSERT INTO CUSTOMER (cust_no, cust_name, cust_phone, cust_email) VALUES ('CU0015', 'Donald Mitchell', '+94775864320', 'donald.mitchell@example.com');
INSERT INTO CUSTOMER (cust_no, cust_name, cust_phone, cust_email) VALUES ('CU0016', 'Dorothy Jones', '+94772535739', 'dorothy.jones@example.com');
INSERT INTO CUSTOMER (cust_no, cust_name, cust_phone, cust_email) VALUES ('CU0017', 'Anthony Miller', '+94771372488', 'anthony.miller@example.com');
INSERT INTO CUSTOMER (cust_no, cust_name, cust_phone, cust_email) VALUES ('CU0018', 'Matthew Stewart', '+94771497826', 'matthew.stewart@example.com');
INSERT INTO CUSTOMER (cust_no, cust_name, cust_phone, cust_email) VALUES ('CU0019', 'Dorothy Collins', '+94774390640', 'dorothy.collins@example.com');
INSERT INTO CUSTOMER (cust_no, cust_name, cust_phone, cust_email) VALUES ('CU0020', 'Richard Smith', '+94771856375', 'richard.smith@example.com');
INSERT INTO CUSTOMER (cust_no, cust_name, cust_phone, cust_email) VALUES ('CU0021', 'Kenneth Harris', '+94772148525', 'kenneth.harris@example.com');
INSERT INTO CUSTOMER (cust_no, cust_name, cust_phone, cust_email) VALUES ('CU0022', 'Melissa Moore', '+94774280307', 'melissa.moore@example.com');
INSERT INTO CUSTOMER (cust_no, cust_name, cust_phone, cust_email) VALUES ('CU0023', 'Anna Martin', '+94771358491', 'anna.martin@example.com');
INSERT INTO CUSTOMER (cust_no, cust_name, cust_phone, cust_email) VALUES ('CU0024', 'Matthew Wilson', '+94778736644', 'matthew.wilson@example.com');
INSERT INTO CUSTOMER (cust_no, cust_name, cust_phone, cust_email) VALUES ('CU0025', 'Elizabeth Reed', '+94771591061', 'elizabeth.reed@example.com');
INSERT INTO CUSTOMER (cust_no, cust_name, cust_phone, cust_email) VALUES ('CU0026', 'David Harris', '+94778530005', 'david.harris@example.com');
INSERT INTO CUSTOMER (cust_no, cust_name, cust_phone, cust_email) VALUES ('CU0027', 'Paul Cox', '+94773452400', 'paul.cox@example.com');
INSERT INTO CUSTOMER (cust_no, cust_name, cust_phone, cust_email) VALUES ('CU0028', 'Steven Cook', '+94772689831', 'steven.cook@example.com');
INSERT INTO CUSTOMER (cust_no, cust_name, cust_phone, cust_email) VALUES ('CU0029', 'John Parker', '+94779884771', 'john.parker@example.com');
INSERT INTO CUSTOMER (cust_no, cust_name, cust_phone, cust_email) VALUES ('CU0030', 'Rebecca Walker', '+94777859172', 'rebecca.walker@example.com');
INSERT INTO CUSTOMER (cust_no, cust_name, cust_phone, cust_email) VALUES ('CU0031', 'Paul Stewart', '+94778786470', 'paul.stewart@example.com');
INSERT INTO CUSTOMER (cust_no, cust_name, cust_phone, cust_email) VALUES ('CU0032', 'Larry Allen', '+94779212995', 'larry.allen@example.com');
INSERT INTO CUSTOMER (cust_no, cust_name, cust_phone, cust_email) VALUES ('CU0033', 'Sandra Peterson', '+94772922548', 'sandra.peterson@example.com');
INSERT INTO CUSTOMER (cust_no, cust_name, cust_phone, cust_email) VALUES ('CU0034', 'Michael Cox', '+94771695277', 'michael.cox@example.com');
INSERT INTO CUSTOMER (cust_no, cust_name, cust_phone, cust_email) VALUES ('CU0035', 'Paul Green', '+94772152057', 'paul.green@example.com');
INSERT INTO CUSTOMER (cust_no, cust_name, cust_phone, cust_email) VALUES ('CU0036', 'Mary Collins', '+94778751937', 'mary.collins@example.com');
INSERT INTO CUSTOMER (cust_no, cust_name, cust_phone, cust_email) VALUES ('CU0037', 'Laura Wilson', '+94776589479', 'laura.wilson@example.com');
INSERT INTO CUSTOMER (cust_no, cust_name, cust_phone, cust_email) VALUES ('CU0038', 'Shirley Morgan', '+94777497932', 'shirley.morgan@example.com');
INSERT INTO CUSTOMER (cust_no, cust_name, cust_phone, cust_email) VALUES ('CU0039', 'James Miller', '+94772221234', 'james.miller@example.com');
INSERT INTO CUSTOMER (cust_no, cust_name, cust_phone, cust_email) VALUES ('CU0040', 'William Allen', '+94776212398', 'william.allen@example.com');
INSERT INTO CUSTOMER (cust_no, cust_name, cust_phone, cust_email) VALUES ('CU0041', 'Larry Jackson', '+94771683550', 'larry.jackson@example.com');
INSERT INTO CUSTOMER (cust_no, cust_name, cust_phone, cust_email) VALUES ('CU0042', 'Donald Wright', '+94773513259', 'donald.wright@example.com');
INSERT INTO CUSTOMER (cust_no, cust_name, cust_phone, cust_email) VALUES ('CU0043', 'Edward Ward', '+94775154174', 'edward.ward@example.com');
INSERT INTO CUSTOMER (cust_no, cust_name, cust_phone, cust_email) VALUES ('CU0044', 'Amanda Hill', '+94772141459', 'amanda.hill@example.com');
INSERT INTO CUSTOMER (cust_no, cust_name, cust_phone, cust_email) VALUES ('CU0045', 'Dorothy Lee', '+94771713998', 'dorothy.lee@example.com');
INSERT INTO CUSTOMER (cust_no, cust_name, cust_phone, cust_email) VALUES ('CU0046', 'Karen Clark', '+94775487714', 'karen.clark@example.com');
INSERT INTO CUSTOMER (cust_no, cust_name, cust_phone, cust_email) VALUES ('CU0047', 'Sandra Scott', '+94776824684', 'sandra.scott@example.com');
INSERT INTO CUSTOMER (cust_no, cust_name, cust_phone, cust_email) VALUES ('CU0048', 'Betty Peterson', '+94772164179', 'betty.peterson@example.com');
INSERT INTO CUSTOMER (cust_no, cust_name, cust_phone, cust_email) VALUES ('CU0049', 'Elizabeth Wilson', '+94777990661', 'elizabeth.wilson@example.com');
INSERT INTO CUSTOMER (cust_no, cust_name, cust_phone, cust_email) VALUES ('CU0050', 'William Rogers', '+94773917099', 'william.rogers@example.com');
INSERT INTO CUSTOMER (cust_no, cust_name, cust_phone, cust_email) VALUES ('CU0051', 'Ruth Turner', '+94774554083', 'ruth.turner@example.com');
INSERT INTO CUSTOMER (cust_no, cust_name, cust_phone, cust_email) VALUES ('CU0052', 'Shirley Howard', '+94777320896', 'shirley.howard@example.com');
INSERT INTO CUSTOMER (cust_no, cust_name, cust_phone, cust_email) VALUES ('CU0053', 'Elizabeth Taylor', '+94774179148', 'elizabeth.taylor@example.com');
INSERT INTO CUSTOMER (cust_no, cust_name, cust_phone, cust_email) VALUES ('CU0054', 'David Collins', '+94776038744', 'david.collins@example.com');
INSERT INTO CUSTOMER (cust_no, cust_name, cust_phone, cust_email) VALUES ('CU0055', 'Brandon Carter', '+94770076186', 'brandon.carter@example.com');
INSERT INTO CUSTOMER (cust_no, cust_name, cust_phone, cust_email) VALUES ('CU0056', 'Jessica Nelson', '+94777646273', 'jessica.nelson@example.com');
INSERT INTO CUSTOMER (cust_no, cust_name, cust_phone, cust_email) VALUES ('CU0057', 'Betty Wood', '+94771352660', 'betty.wood@example.com');
INSERT INTO CUSTOMER (cust_no, cust_name, cust_phone, cust_email) VALUES ('CU0058', 'Carol Ward', '+94770987570', 'carol.ward@example.com');
INSERT INTO CUSTOMER (cust_no, cust_name, cust_phone, cust_email) VALUES ('CU0059', 'Donald Wilson', '+94772020988', 'donald.wilson@example.com');
INSERT INTO CUSTOMER (cust_no, cust_name, cust_phone, cust_email) VALUES ('CU0060', 'Jennifer Martin', '+94771281696', 'jennifer.martin@example.com');

-- VEHICLE (88)
INSERT INTO VEHICLE (vehi_id, cust_no, vehi_license, vehi_make, vehi_model, vehi_year) VALUES ('VE0001', 'CU0001', 'WP-8361', 'Suzuki', 'Vitara', 2005);
INSERT INTO VEHICLE (vehi_id, cust_no, vehi_license, vehi_make, vehi_model, vehi_year) VALUES ('VE0002', 'CU0002', 'WP-6952', 'Nissan', 'Qashqai', 2021);
INSERT INTO VEHICLE (vehi_id, cust_no, vehi_license, vehi_make, vehi_model, vehi_year) VALUES ('VE0003', 'CU0003', 'CAP-6508', 'Hyundai', 'Tucson', 2008);
INSERT INTO VEHICLE (vehi_id, cust_no, vehi_license, vehi_make, vehi_model, vehi_year) VALUES ('VE0004', 'CU0003', 'PC-8285', 'Mitsubishi', 'Pajero', 2005);
INSERT INTO VEHICLE (vehi_id, cust_no, vehi_license, vehi_make, vehi_model, vehi_year) VALUES ('VE0005', 'CU0004', 'KB-5027', 'Ford', 'Fiesta', 2014);
INSERT INTO VEHICLE (vehi_id, cust_no, vehi_license, vehi_make, vehi_model, vehi_year) VALUES ('VE0006', 'CU0004', 'KB-1312', 'Honda', 'CR-V', 2013);
INSERT INTO VEHICLE (vehi_id, cust_no, vehi_license, vehi_make, vehi_model, vehi_year) VALUES ('VE0007', 'CU0004', 'CAP-1833', 'Ford', 'Ranger', 2007);
INSERT INTO VEHICLE (vehi_id, cust_no, vehi_license, vehi_make, vehi_model, vehi_year) VALUES ('VE0008', 'CU0005', 'BAC-4650', 'Volkswagen', 'Tiguan', 2010);
INSERT INTO VEHICLE (vehi_id, cust_no, vehi_license, vehi_make, vehi_model, vehi_year) VALUES ('VE0009', 'CU0006', 'PB-5804', 'Kia', 'Picanto', 2007);
INSERT INTO VEHICLE (vehi_id, cust_no, vehi_license, vehi_make, vehi_model, vehi_year) VALUES ('VE0010', 'CU0007', 'CAB-9369', 'Ford', 'Ranger', 2020);
INSERT INTO VEHICLE (vehi_id, cust_no, vehi_license, vehi_make, vehi_model, vehi_year) VALUES ('VE0011', 'CU0008', 'KB-8898', 'Hyundai', 'Elantra', 2009);
INSERT INTO VEHICLE (vehi_id, cust_no, vehi_license, vehi_make, vehi_model, vehi_year) VALUES ('VE0012', 'CU0008', 'PC-6492', 'Nissan', 'Qashqai', 2014);
INSERT INTO VEHICLE (vehi_id, cust_no, vehi_license, vehi_make, vehi_model, vehi_year) VALUES ('VE0013', 'CU0009', 'CAR-6942', 'Nissan', 'Sunny', 2024);
INSERT INTO VEHICLE (vehi_id, cust_no, vehi_license, vehi_make, vehi_model, vehi_year) VALUES ('VE0014', 'CU0010', 'PB-6840', 'Mazda', 'Demio', 2006);
INSERT INTO VEHICLE (vehi_id, cust_no, vehi_license, vehi_make, vehi_model, vehi_year) VALUES ('VE0015', 'CU0010', 'CAB-6290', 'BMW', '320i', 2023);
INSERT INTO VEHICLE (vehi_id, cust_no, vehi_license, vehi_make, vehi_model, vehi_year) VALUES ('VE0016', 'CU0011', 'CAP-6762', 'Kia', 'Sportage', 2024);
INSERT INTO VEHICLE (vehi_id, cust_no, vehi_license, vehi_make, vehi_model, vehi_year) VALUES ('VE0017', 'CU0012', 'PC-3907', 'Hyundai', 'Tucson', 2018);
INSERT INTO VEHICLE (vehi_id, cust_no, vehi_license, vehi_make, vehi_model, vehi_year) VALUES ('VE0018', 'CU0012', 'CAR-3105', 'Toyota', 'Prius', 2025);
INSERT INTO VEHICLE (vehi_id, cust_no, vehi_license, vehi_make, vehi_model, vehi_year) VALUES ('VE0019', 'CU0013', 'CAP-2052', 'Mitsubishi', 'Pajero', 2009);
INSERT INTO VEHICLE (vehi_id, cust_no, vehi_license, vehi_make, vehi_model, vehi_year) VALUES ('VE0020', 'CU0014', 'QA-3052', 'Kia', 'Rio', 2020);
INSERT INTO VEHICLE (vehi_id, cust_no, vehi_license, vehi_make, vehi_model, vehi_year) VALUES ('VE0021', 'CU0015', 'KA-2556', 'Hyundai', 'Elantra', 2023);
INSERT INTO VEHICLE (vehi_id, cust_no, vehi_license, vehi_make, vehi_model, vehi_year) VALUES ('VE0022', 'CU0016', 'PB-8656', 'Kia', 'Picanto', 2024);
INSERT INTO VEHICLE (vehi_id, cust_no, vehi_license, vehi_make, vehi_model, vehi_year) VALUES ('VE0023', 'CU0017', 'BAC-4819', 'Mercedes', 'A180', 2015);
INSERT INTO VEHICLE (vehi_id, cust_no, vehi_license, vehi_make, vehi_model, vehi_year) VALUES ('VE0024', 'CU0018', 'CAP-9738', 'Hyundai', 'Tucson', 2013);
INSERT INTO VEHICLE (vehi_id, cust_no, vehi_license, vehi_make, vehi_model, vehi_year) VALUES ('VE0025', 'CU0018', 'KB-4573', 'Kia', 'Picanto', 2025);
INSERT INTO VEHICLE (vehi_id, cust_no, vehi_license, vehi_make, vehi_model, vehi_year) VALUES ('VE0026', 'CU0018', 'CAR-2874', 'Mitsubishi', 'Outlander', 2011);
INSERT INTO VEHICLE (vehi_id, cust_no, vehi_license, vehi_make, vehi_model, vehi_year) VALUES ('VE0027', 'CU0019', 'WP-4833', 'Suzuki', 'Alto', 2008);
INSERT INTO VEHICLE (vehi_id, cust_no, vehi_license, vehi_make, vehi_model, vehi_year) VALUES ('VE0028', 'CU0020', 'KA-8053', 'Mazda', 'Demio', 2014);
INSERT INTO VEHICLE (vehi_id, cust_no, vehi_license, vehi_make, vehi_model, vehi_year) VALUES ('VE0029', 'CU0020', 'CAP-3375', 'Nissan', 'X-Trail', 2015);
INSERT INTO VEHICLE (vehi_id, cust_no, vehi_license, vehi_make, vehi_model, vehi_year) VALUES ('VE0030', 'CU0020', 'BAC-6901', 'Nissan', 'Qashqai', 2014);
INSERT INTO VEHICLE (vehi_id, cust_no, vehi_license, vehi_make, vehi_model, vehi_year) VALUES ('VE0031', 'CU0021', 'WP-8872', 'Mercedes', 'GLA', 2013);
INSERT INTO VEHICLE (vehi_id, cust_no, vehi_license, vehi_make, vehi_model, vehi_year) VALUES ('VE0032', 'CU0022', 'KA-7111', 'Ford', 'Fiesta', 2012);
INSERT INTO VEHICLE (vehi_id, cust_no, vehi_license, vehi_make, vehi_model, vehi_year) VALUES ('VE0033', 'CU0023', 'CAB-6824', 'Suzuki', 'Baleno', 2012);
INSERT INTO VEHICLE (vehi_id, cust_no, vehi_license, vehi_make, vehi_model, vehi_year) VALUES ('VE0034', 'CU0024', 'BAC-2832', 'Mazda', 'Mazda3', 2006);
INSERT INTO VEHICLE (vehi_id, cust_no, vehi_license, vehi_make, vehi_model, vehi_year) VALUES ('VE0035', 'CU0025', 'KA-5177', 'BMW', '320i', 2008);
INSERT INTO VEHICLE (vehi_id, cust_no, vehi_license, vehi_make, vehi_model, vehi_year) VALUES ('VE0036', 'CU0025', 'PB-2406', 'Suzuki', 'Alto', 2013);
INSERT INTO VEHICLE (vehi_id, cust_no, vehi_license, vehi_make, vehi_model, vehi_year) VALUES ('VE0037', 'CU0026', 'KA-2826', 'Toyota', 'Hilux', 2013);
INSERT INTO VEHICLE (vehi_id, cust_no, vehi_license, vehi_make, vehi_model, vehi_year) VALUES ('VE0038', 'CU0026', 'WP-6932', 'Ford', 'Ranger', 2011);
INSERT INTO VEHICLE (vehi_id, cust_no, vehi_license, vehi_make, vehi_model, vehi_year) VALUES ('VE0039', 'CU0027', 'CAR-5728', 'Kia', 'Sportage', 2008);
INSERT INTO VEHICLE (vehi_id, cust_no, vehi_license, vehi_make, vehi_model, vehi_year) VALUES ('VE0040', 'CU0027', 'KB-1556', 'Mitsubishi', 'Lancer', 2008);
INSERT INTO VEHICLE (vehi_id, cust_no, vehi_license, vehi_make, vehi_model, vehi_year) VALUES ('VE0041', 'CU0028', 'CAR-7656', 'Suzuki', 'Swift', 2015);
INSERT INTO VEHICLE (vehi_id, cust_no, vehi_license, vehi_make, vehi_model, vehi_year) VALUES ('VE0042', 'CU0029', 'BAC-6641', 'Honda', 'Jazz', 2020);
INSERT INTO VEHICLE (vehi_id, cust_no, vehi_license, vehi_make, vehi_model, vehi_year) VALUES ('VE0043', 'CU0029', 'PB-7510', 'Mitsubishi', 'Montero', 2016);
INSERT INTO VEHICLE (vehi_id, cust_no, vehi_license, vehi_make, vehi_model, vehi_year) VALUES ('VE0044', 'CU0030', 'QA-5387', 'Suzuki', 'Vitara', 2008);
INSERT INTO VEHICLE (vehi_id, cust_no, vehi_license, vehi_make, vehi_model, vehi_year) VALUES ('VE0045', 'CU0031', 'PB-9091', 'Honda', 'Jazz', 2016);
INSERT INTO VEHICLE (vehi_id, cust_no, vehi_license, vehi_make, vehi_model, vehi_year) VALUES ('VE0046', 'CU0031', 'PB-7640', 'BMW', '320i', 2013);
INSERT INTO VEHICLE (vehi_id, cust_no, vehi_license, vehi_make, vehi_model, vehi_year) VALUES ('VE0047', 'CU0031', 'QA-8202', 'Ford', 'Ranger', 2009);
INSERT INTO VEHICLE (vehi_id, cust_no, vehi_license, vehi_make, vehi_model, vehi_year) VALUES ('VE0048', 'CU0032', 'KA-4506', 'Suzuki', 'Swift', 2013);
INSERT INTO VEHICLE (vehi_id, cust_no, vehi_license, vehi_make, vehi_model, vehi_year) VALUES ('VE0049', 'CU0033', 'PB-1742', 'Kia', 'Sorento', 2022);
INSERT INTO VEHICLE (vehi_id, cust_no, vehi_license, vehi_make, vehi_model, vehi_year) VALUES ('VE0050', 'CU0034', 'WP-5322', 'Kia', 'Sorento', 2013);
INSERT INTO VEHICLE (vehi_id, cust_no, vehi_license, vehi_make, vehi_model, vehi_year) VALUES ('VE0051', 'CU0035', 'CAP-4919', 'Honda', 'Civic', 2014);
INSERT INTO VEHICLE (vehi_id, cust_no, vehi_license, vehi_make, vehi_model, vehi_year) VALUES ('VE0052', 'CU0036', 'QA-5247', 'Hyundai', 'i10', 2009);
INSERT INTO VEHICLE (vehi_id, cust_no, vehi_license, vehi_make, vehi_model, vehi_year) VALUES ('VE0053', 'CU0037', 'BAC-7924', 'BMW', '320i', 2010);
INSERT INTO VEHICLE (vehi_id, cust_no, vehi_license, vehi_make, vehi_model, vehi_year) VALUES ('VE0054', 'CU0038', 'WP-3619', 'Volkswagen', 'Golf', 2013);
INSERT INTO VEHICLE (vehi_id, cust_no, vehi_license, vehi_make, vehi_model, vehi_year) VALUES ('VE0055', 'CU0038', 'BAC-9854', 'Mercedes', 'GLA', 2014);
INSERT INTO VEHICLE (vehi_id, cust_no, vehi_license, vehi_make, vehi_model, vehi_year) VALUES ('VE0056', 'CU0039', 'KA-4902', 'Kia', 'Picanto', 2024);
INSERT INTO VEHICLE (vehi_id, cust_no, vehi_license, vehi_make, vehi_model, vehi_year) VALUES ('VE0057', 'CU0040', 'CAB-9180', 'Honda', 'Fit', 2010);
INSERT INTO VEHICLE (vehi_id, cust_no, vehi_license, vehi_make, vehi_model, vehi_year) VALUES ('VE0058', 'CU0040', 'PB-7791', 'Mitsubishi', 'Montero', 2005);
INSERT INTO VEHICLE (vehi_id, cust_no, vehi_license, vehi_make, vehi_model, vehi_year) VALUES ('VE0059', 'CU0041', 'KA-5159', 'BMW', 'X3', 2023);
INSERT INTO VEHICLE (vehi_id, cust_no, vehi_license, vehi_make, vehi_model, vehi_year) VALUES ('VE0060', 'CU0042', 'KA-4019', 'Nissan', 'Leaf', 2018);
INSERT INTO VEHICLE (vehi_id, cust_no, vehi_license, vehi_make, vehi_model, vehi_year) VALUES ('VE0061', 'CU0042', 'CAB-2708', 'Volkswagen', 'Polo', 2020);
INSERT INTO VEHICLE (vehi_id, cust_no, vehi_license, vehi_make, vehi_model, vehi_year) VALUES ('VE0062', 'CU0043', 'KB-8975', 'Mazda', 'Demio', 2005);
INSERT INTO VEHICLE (vehi_id, cust_no, vehi_license, vehi_make, vehi_model, vehi_year) VALUES ('VE0063', 'CU0044', 'PC-9770', 'Toyota', 'Land Cruiser', 2019);
INSERT INTO VEHICLE (vehi_id, cust_no, vehi_license, vehi_make, vehi_model, vehi_year) VALUES ('VE0064', 'CU0044', 'CAP-5873', 'Volkswagen', 'Polo', 2022);
INSERT INTO VEHICLE (vehi_id, cust_no, vehi_license, vehi_make, vehi_model, vehi_year) VALUES ('VE0065', 'CU0044', 'QA-6730', 'Honda', 'CR-V', 2018);
INSERT INTO VEHICLE (vehi_id, cust_no, vehi_license, vehi_make, vehi_model, vehi_year) VALUES ('VE0066', 'CU0045', 'BAC-7244', 'Nissan', 'Navara', 2023);
INSERT INTO VEHICLE (vehi_id, cust_no, vehi_license, vehi_make, vehi_model, vehi_year) VALUES ('VE0067', 'CU0046', 'PB-3352', 'BMW', 'X1', 2015);
INSERT INTO VEHICLE (vehi_id, cust_no, vehi_license, vehi_make, vehi_model, vehi_year) VALUES ('VE0068', 'CU0046', 'KB-4677', 'Ford', 'Everest', 2025);
INSERT INTO VEHICLE (vehi_id, cust_no, vehi_license, vehi_make, vehi_model, vehi_year) VALUES ('VE0069', 'CU0047', 'WP-9521', 'Volkswagen', 'Passat', 2007);
INSERT INTO VEHICLE (vehi_id, cust_no, vehi_license, vehi_make, vehi_model, vehi_year) VALUES ('VE0070', 'CU0048', 'CAR-2705', 'Hyundai', 'Tucson', 2013);
INSERT INTO VEHICLE (vehi_id, cust_no, vehi_license, vehi_make, vehi_model, vehi_year) VALUES ('VE0071', 'CU0049', 'QA-4461', 'Mitsubishi', 'Pajero', 2021);
INSERT INTO VEHICLE (vehi_id, cust_no, vehi_license, vehi_make, vehi_model, vehi_year) VALUES ('VE0072', 'CU0050', 'KA-8234', 'BMW', 'X1', 2008);
INSERT INTO VEHICLE (vehi_id, cust_no, vehi_license, vehi_make, vehi_model, vehi_year) VALUES ('VE0073', 'CU0051', 'PC-8772', 'Mercedes', 'E220', 2014);
INSERT INTO VEHICLE (vehi_id, cust_no, vehi_license, vehi_make, vehi_model, vehi_year) VALUES ('VE0074', 'CU0051', 'PB-4567', 'Toyota', 'Yaris', 2024);
INSERT INTO VEHICLE (vehi_id, cust_no, vehi_license, vehi_make, vehi_model, vehi_year) VALUES ('VE0075', 'CU0052', 'PC-9758', 'Toyota', 'Hilux', 2020);
INSERT INTO VEHICLE (vehi_id, cust_no, vehi_license, vehi_make, vehi_model, vehi_year) VALUES ('VE0076', 'CU0052', 'QA-3187', 'Mercedes', 'C200', 2020);
INSERT INTO VEHICLE (vehi_id, cust_no, vehi_license, vehi_make, vehi_model, vehi_year) VALUES ('VE0077', 'CU0053', 'KA-3844', 'Mitsubishi', 'Pajero', 2010);
INSERT INTO VEHICLE (vehi_id, cust_no, vehi_license, vehi_make, vehi_model, vehi_year) VALUES ('VE0078', 'CU0053', 'CAP-6263', 'Toyota', 'Land Cruiser', 2014);
INSERT INTO VEHICLE (vehi_id, cust_no, vehi_license, vehi_make, vehi_model, vehi_year) VALUES ('VE0079', 'CU0054', 'PB-3711', 'Mercedes', 'C200', 2005);
INSERT INTO VEHICLE (vehi_id, cust_no, vehi_license, vehi_make, vehi_model, vehi_year) VALUES ('VE0080', 'CU0054', 'KB-2703', 'Kia', 'Sorento', 2018);
INSERT INTO VEHICLE (vehi_id, cust_no, vehi_license, vehi_make, vehi_model, vehi_year) VALUES ('VE0081', 'CU0055', 'PC-3479', 'Mitsubishi', 'Lancer', 2009);
INSERT INTO VEHICLE (vehi_id, cust_no, vehi_license, vehi_make, vehi_model, vehi_year) VALUES ('VE0082', 'CU0056', 'PB-5607', 'Nissan', 'X-Trail', 2017);
INSERT INTO VEHICLE (vehi_id, cust_no, vehi_license, vehi_make, vehi_model, vehi_year) VALUES ('VE0083', 'CU0057', 'KB-3146', 'Nissan', 'Sunny', 2008);
INSERT INTO VEHICLE (vehi_id, cust_no, vehi_license, vehi_make, vehi_model, vehi_year) VALUES ('VE0084', 'CU0058', 'BAC-9888', 'BMW', 'X1', 2024);
INSERT INTO VEHICLE (vehi_id, cust_no, vehi_license, vehi_make, vehi_model, vehi_year) VALUES ('VE0085', 'CU0059', 'PC-6419', 'Honda', 'Jazz', 2020);
INSERT INTO VEHICLE (vehi_id, cust_no, vehi_license, vehi_make, vehi_model, vehi_year) VALUES ('VE0086', 'CU0060', 'PB-8784', 'Suzuki', 'Swift', 2025);
INSERT INTO VEHICLE (vehi_id, cust_no, vehi_license, vehi_make, vehi_model, vehi_year) VALUES ('VE0087', 'CU0060', 'PB-8071', 'Volkswagen', 'Golf', 2016);
INSERT INTO VEHICLE (vehi_id, cust_no, vehi_license, vehi_make, vehi_model, vehi_year) VALUES ('VE0088', 'CU0060', 'CAR-1617', 'Hyundai', 'Elantra', 2005);

-- VEHICLE_VISIT (130)
INSERT INTO VEHICLE_VISIT (visit_id, vehi_id, visit_check_in_dt, visit_check_out_dt, visit_status) VALUES ('VI0001', 'VE0071', '2025-07-06', '2025-07-10', 'O');
INSERT INTO VEHICLE_VISIT (visit_id, vehi_id, visit_check_in_dt, visit_check_out_dt, visit_status) VALUES ('VI0002', 'VE0071', '2025-04-21', NULL, 'I');
INSERT INTO VEHICLE_VISIT (visit_id, vehi_id, visit_check_in_dt, visit_check_out_dt, visit_status) VALUES ('VI0003', 'VE0071', '2026-05-09', '2026-05-13', 'O');
INSERT INTO VEHICLE_VISIT (visit_id, vehi_id, visit_check_in_dt, visit_check_out_dt, visit_status) VALUES ('VI0004', 'VE0003', '2025-10-23', '2025-10-29', 'O');
INSERT INTO VEHICLE_VISIT (visit_id, vehi_id, visit_check_in_dt, visit_check_out_dt, visit_status) VALUES ('VI0005', 'VE0029', '2026-05-16', '2026-05-22', 'O');
INSERT INTO VEHICLE_VISIT (visit_id, vehi_id, visit_check_in_dt, visit_check_out_dt, visit_status) VALUES ('VI0006', 'VE0029', '2025-03-21', '2025-03-26', 'O');
INSERT INTO VEHICLE_VISIT (visit_id, vehi_id, visit_check_in_dt, visit_check_out_dt, visit_status) VALUES ('VI0007', 'VE0080', '2025-10-26', '2025-11-01', 'O');
INSERT INTO VEHICLE_VISIT (visit_id, vehi_id, visit_check_in_dt, visit_check_out_dt, visit_status) VALUES ('VI0008', 'VE0087', '2025-10-08', '2025-10-09', 'O');
INSERT INTO VEHICLE_VISIT (visit_id, vehi_id, visit_check_in_dt, visit_check_out_dt, visit_status) VALUES ('VI0009', 'VE0087', '2025-06-07', '2025-06-08', 'O');
INSERT INTO VEHICLE_VISIT (visit_id, vehi_id, visit_check_in_dt, visit_check_out_dt, visit_status) VALUES ('VI0010', 'VE0082', '2026-07-12', NULL, 'I');
INSERT INTO VEHICLE_VISIT (visit_id, vehi_id, visit_check_in_dt, visit_check_out_dt, visit_status) VALUES ('VI0011', 'VE0082', '2025-10-03', NULL, 'C');
INSERT INTO VEHICLE_VISIT (visit_id, vehi_id, visit_check_in_dt, visit_check_out_dt, visit_status) VALUES ('VI0012', 'VE0035', '2025-04-30', '2025-05-05', 'O');
INSERT INTO VEHICLE_VISIT (visit_id, vehi_id, visit_check_in_dt, visit_check_out_dt, visit_status) VALUES ('VI0013', 'VE0035', '2025-03-02', NULL, 'D');
INSERT INTO VEHICLE_VISIT (visit_id, vehi_id, visit_check_in_dt, visit_check_out_dt, visit_status) VALUES ('VI0014', 'VE0026', '2025-05-10', NULL, 'I');
INSERT INTO VEHICLE_VISIT (visit_id, vehi_id, visit_check_in_dt, visit_check_out_dt, visit_status) VALUES ('VI0015', 'VE0052', '2025-12-01', '2025-12-06', 'O');
INSERT INTO VEHICLE_VISIT (visit_id, vehi_id, visit_check_in_dt, visit_check_out_dt, visit_status) VALUES ('VI0016', 'VE0025', '2025-12-13', NULL, 'D');
INSERT INTO VEHICLE_VISIT (visit_id, vehi_id, visit_check_in_dt, visit_check_out_dt, visit_status) VALUES ('VI0017', 'VE0070', '2025-08-27', '2025-09-01', 'O');
INSERT INTO VEHICLE_VISIT (visit_id, vehi_id, visit_check_in_dt, visit_check_out_dt, visit_status) VALUES ('VI0018', 'VE0070', '2025-03-07', '2025-03-08', 'O');
INSERT INTO VEHICLE_VISIT (visit_id, vehi_id, visit_check_in_dt, visit_check_out_dt, visit_status) VALUES ('VI0019', 'VE0070', '2025-06-28', '2025-07-02', 'O');
INSERT INTO VEHICLE_VISIT (visit_id, vehi_id, visit_check_in_dt, visit_check_out_dt, visit_status) VALUES ('VI0020', 'VE0084', '2026-06-04', '2026-06-07', 'O');
INSERT INTO VEHICLE_VISIT (visit_id, vehi_id, visit_check_in_dt, visit_check_out_dt, visit_status) VALUES ('VI0021', 'VE0084', '2025-07-19', '2025-07-21', 'O');
INSERT INTO VEHICLE_VISIT (visit_id, vehi_id, visit_check_in_dt, visit_check_out_dt, visit_status) VALUES ('VI0022', 'VE0084', '2025-09-24', '2025-09-25', 'O');
INSERT INTO VEHICLE_VISIT (visit_id, vehi_id, visit_check_in_dt, visit_check_out_dt, visit_status) VALUES ('VI0023', 'VE0088', '2025-12-02', '2025-12-03', 'O');
INSERT INTO VEHICLE_VISIT (visit_id, vehi_id, visit_check_in_dt, visit_check_out_dt, visit_status) VALUES ('VI0024', 'VE0015', '2025-05-03', '2025-05-06', 'O');
INSERT INTO VEHICLE_VISIT (visit_id, vehi_id, visit_check_in_dt, visit_check_out_dt, visit_status) VALUES ('VI0025', 'VE0060', '2025-06-26', '2025-07-02', 'O');
INSERT INTO VEHICLE_VISIT (visit_id, vehi_id, visit_check_in_dt, visit_check_out_dt, visit_status) VALUES ('VI0026', 'VE0054', '2026-05-31', NULL, 'I');
INSERT INTO VEHICLE_VISIT (visit_id, vehi_id, visit_check_in_dt, visit_check_out_dt, visit_status) VALUES ('VI0027', 'VE0054', '2026-04-11', '2026-04-14', 'O');
INSERT INTO VEHICLE_VISIT (visit_id, vehi_id, visit_check_in_dt, visit_check_out_dt, visit_status) VALUES ('VI0028', 'VE0065', '2025-05-30', '2025-06-05', 'O');
INSERT INTO VEHICLE_VISIT (visit_id, vehi_id, visit_check_in_dt, visit_check_out_dt, visit_status) VALUES ('VI0029', 'VE0065', '2025-07-29', '2025-08-02', 'O');
INSERT INTO VEHICLE_VISIT (visit_id, vehi_id, visit_check_in_dt, visit_check_out_dt, visit_status) VALUES ('VI0030', 'VE0065', '2026-01-26', NULL, 'D');
INSERT INTO VEHICLE_VISIT (visit_id, vehi_id, visit_check_in_dt, visit_check_out_dt, visit_status) VALUES ('VI0031', 'VE0081', '2026-01-09', NULL, 'I');
INSERT INTO VEHICLE_VISIT (visit_id, vehi_id, visit_check_in_dt, visit_check_out_dt, visit_status) VALUES ('VI0032', 'VE0081', '2025-08-23', '2025-08-29', 'O');
INSERT INTO VEHICLE_VISIT (visit_id, vehi_id, visit_check_in_dt, visit_check_out_dt, visit_status) VALUES ('VI0033', 'VE0078', '2026-06-28', '2026-07-02', 'O');
INSERT INTO VEHICLE_VISIT (visit_id, vehi_id, visit_check_in_dt, visit_check_out_dt, visit_status) VALUES ('VI0034', 'VE0078', '2025-11-19', '2025-11-24', 'O');
INSERT INTO VEHICLE_VISIT (visit_id, vehi_id, visit_check_in_dt, visit_check_out_dt, visit_status) VALUES ('VI0035', 'VE0078', '2025-01-25', NULL, 'C');
INSERT INTO VEHICLE_VISIT (visit_id, vehi_id, visit_check_in_dt, visit_check_out_dt, visit_status) VALUES ('VI0036', 'VE0048', '2025-12-15', '2025-12-16', 'O');
INSERT INTO VEHICLE_VISIT (visit_id, vehi_id, visit_check_in_dt, visit_check_out_dt, visit_status) VALUES ('VI0037', 'VE0048', '2025-05-17', NULL, 'D');
INSERT INTO VEHICLE_VISIT (visit_id, vehi_id, visit_check_in_dt, visit_check_out_dt, visit_status) VALUES ('VI0038', 'VE0048', '2025-12-21', '2025-12-22', 'O');
INSERT INTO VEHICLE_VISIT (visit_id, vehi_id, visit_check_in_dt, visit_check_out_dt, visit_status) VALUES ('VI0039', 'VE0050', '2026-05-04', NULL, 'I');
INSERT INTO VEHICLE_VISIT (visit_id, vehi_id, visit_check_in_dt, visit_check_out_dt, visit_status) VALUES ('VI0040', 'VE0050', '2026-04-09', '2026-04-12', 'O');
INSERT INTO VEHICLE_VISIT (visit_id, vehi_id, visit_check_in_dt, visit_check_out_dt, visit_status) VALUES ('VI0041', 'VE0050', '2026-02-17', '2026-02-19', 'O');
INSERT INTO VEHICLE_VISIT (visit_id, vehi_id, visit_check_in_dt, visit_check_out_dt, visit_status) VALUES ('VI0042', 'VE0045', '2026-07-04', NULL, 'I');
INSERT INTO VEHICLE_VISIT (visit_id, vehi_id, visit_check_in_dt, visit_check_out_dt, visit_status) VALUES ('VI0043', 'VE0069', '2025-09-30', '2025-10-05', 'O');
INSERT INTO VEHICLE_VISIT (visit_id, vehi_id, visit_check_in_dt, visit_check_out_dt, visit_status) VALUES ('VI0044', 'VE0049', '2026-06-01', '2026-06-03', 'O');
INSERT INTO VEHICLE_VISIT (visit_id, vehi_id, visit_check_in_dt, visit_check_out_dt, visit_status) VALUES ('VI0045', 'VE0049', '2025-11-09', '2025-11-14', 'O');
INSERT INTO VEHICLE_VISIT (visit_id, vehi_id, visit_check_in_dt, visit_check_out_dt, visit_status) VALUES ('VI0046', 'VE0036', '2026-07-08', '2026-07-14', 'O');
INSERT INTO VEHICLE_VISIT (visit_id, vehi_id, visit_check_in_dt, visit_check_out_dt, visit_status) VALUES ('VI0047', 'VE0036', '2025-11-19', '2025-11-21', 'O');
INSERT INTO VEHICLE_VISIT (visit_id, vehi_id, visit_check_in_dt, visit_check_out_dt, visit_status) VALUES ('VI0048', 'VE0047', '2025-02-19', '2025-02-23', 'O');
INSERT INTO VEHICLE_VISIT (visit_id, vehi_id, visit_check_in_dt, visit_check_out_dt, visit_status) VALUES ('VI0049', 'VE0066', '2025-10-22', '2025-10-27', 'O');
INSERT INTO VEHICLE_VISIT (visit_id, vehi_id, visit_check_in_dt, visit_check_out_dt, visit_status) VALUES ('VI0050', 'VE0066', '2025-08-09', NULL, 'I');
INSERT INTO VEHICLE_VISIT (visit_id, vehi_id, visit_check_in_dt, visit_check_out_dt, visit_status) VALUES ('VI0051', 'VE0066', '2026-05-14', '2026-05-20', 'O');
INSERT INTO VEHICLE_VISIT (visit_id, vehi_id, visit_check_in_dt, visit_check_out_dt, visit_status) VALUES ('VI0052', 'VE0034', '2025-07-04', NULL, 'C');
INSERT INTO VEHICLE_VISIT (visit_id, vehi_id, visit_check_in_dt, visit_check_out_dt, visit_status) VALUES ('VI0053', 'VE0034', '2026-03-01', NULL, 'C');
INSERT INTO VEHICLE_VISIT (visit_id, vehi_id, visit_check_in_dt, visit_check_out_dt, visit_status) VALUES ('VI0054', 'VE0034', '2026-06-09', '2026-06-10', 'O');
INSERT INTO VEHICLE_VISIT (visit_id, vehi_id, visit_check_in_dt, visit_check_out_dt, visit_status) VALUES ('VI0055', 'VE0072', '2025-10-03', '2025-10-08', 'O');
INSERT INTO VEHICLE_VISIT (visit_id, vehi_id, visit_check_in_dt, visit_check_out_dt, visit_status) VALUES ('VI0056', 'VE0068', '2025-11-15', NULL, 'C');
INSERT INTO VEHICLE_VISIT (visit_id, vehi_id, visit_check_in_dt, visit_check_out_dt, visit_status) VALUES ('VI0057', 'VE0073', '2026-05-05', NULL, 'D');
INSERT INTO VEHICLE_VISIT (visit_id, vehi_id, visit_check_in_dt, visit_check_out_dt, visit_status) VALUES ('VI0058', 'VE0067', '2025-08-23', '2025-08-24', 'O');
INSERT INTO VEHICLE_VISIT (visit_id, vehi_id, visit_check_in_dt, visit_check_out_dt, visit_status) VALUES ('VI0059', 'VE0004', '2025-07-25', '2025-07-27', 'O');
INSERT INTO VEHICLE_VISIT (visit_id, vehi_id, visit_check_in_dt, visit_check_out_dt, visit_status) VALUES ('VI0060', 'VE0079', '2025-04-18', NULL, 'D');
INSERT INTO VEHICLE_VISIT (visit_id, vehi_id, visit_check_in_dt, visit_check_out_dt, visit_status) VALUES ('VI0061', 'VE0079', '2025-01-29', '2025-02-02', 'O');
INSERT INTO VEHICLE_VISIT (visit_id, vehi_id, visit_check_in_dt, visit_check_out_dt, visit_status) VALUES ('VI0062', 'VE0083', '2026-05-06', '2026-05-11', 'O');
INSERT INTO VEHICLE_VISIT (visit_id, vehi_id, visit_check_in_dt, visit_check_out_dt, visit_status) VALUES ('VI0063', 'VE0083', '2026-01-29', '2026-02-01', 'O');
INSERT INTO VEHICLE_VISIT (visit_id, vehi_id, visit_check_in_dt, visit_check_out_dt, visit_status) VALUES ('VI0064', 'VE0006', '2026-05-17', NULL, 'D');
INSERT INTO VEHICLE_VISIT (visit_id, vehi_id, visit_check_in_dt, visit_check_out_dt, visit_status) VALUES ('VI0065', 'VE0027', '2026-06-19', '2026-06-23', 'O');
INSERT INTO VEHICLE_VISIT (visit_id, vehi_id, visit_check_in_dt, visit_check_out_dt, visit_status) VALUES ('VI0066', 'VE0027', '2025-03-08', '2025-03-11', 'O');
INSERT INTO VEHICLE_VISIT (visit_id, vehi_id, visit_check_in_dt, visit_check_out_dt, visit_status) VALUES ('VI0067', 'VE0039', '2026-05-21', '2026-05-27', 'O');
INSERT INTO VEHICLE_VISIT (visit_id, vehi_id, visit_check_in_dt, visit_check_out_dt, visit_status) VALUES ('VI0068', 'VE0043', '2025-02-22', NULL, 'I');
INSERT INTO VEHICLE_VISIT (visit_id, vehi_id, visit_check_in_dt, visit_check_out_dt, visit_status) VALUES ('VI0069', 'VE0043', '2025-10-17', '2025-10-18', 'O');
INSERT INTO VEHICLE_VISIT (visit_id, vehi_id, visit_check_in_dt, visit_check_out_dt, visit_status) VALUES ('VI0070', 'VE0040', '2026-07-08', '2026-07-12', 'O');
INSERT INTO VEHICLE_VISIT (visit_id, vehi_id, visit_check_in_dt, visit_check_out_dt, visit_status) VALUES ('VI0071', 'VE0059', '2025-11-21', NULL, 'D');
INSERT INTO VEHICLE_VISIT (visit_id, vehi_id, visit_check_in_dt, visit_check_out_dt, visit_status) VALUES ('VI0072', 'VE0059', '2025-03-31', '2025-04-05', 'O');
INSERT INTO VEHICLE_VISIT (visit_id, vehi_id, visit_check_in_dt, visit_check_out_dt, visit_status) VALUES ('VI0073', 'VE0030', '2025-04-10', '2025-04-11', 'O');
INSERT INTO VEHICLE_VISIT (visit_id, vehi_id, visit_check_in_dt, visit_check_out_dt, visit_status) VALUES ('VI0074', 'VE0030', '2026-06-13', NULL, 'D');
INSERT INTO VEHICLE_VISIT (visit_id, vehi_id, visit_check_in_dt, visit_check_out_dt, visit_status) VALUES ('VI0075', 'VE0030', '2026-06-08', NULL, 'D');
INSERT INTO VEHICLE_VISIT (visit_id, vehi_id, visit_check_in_dt, visit_check_out_dt, visit_status) VALUES ('VI0076', 'VE0075', '2026-02-12', '2026-02-15', 'O');
INSERT INTO VEHICLE_VISIT (visit_id, vehi_id, visit_check_in_dt, visit_check_out_dt, visit_status) VALUES ('VI0077', 'VE0075', '2025-12-31', '2026-01-01', 'O');
INSERT INTO VEHICLE_VISIT (visit_id, vehi_id, visit_check_in_dt, visit_check_out_dt, visit_status) VALUES ('VI0078', 'VE0075', '2026-04-16', '2026-04-17', 'O');
INSERT INTO VEHICLE_VISIT (visit_id, vehi_id, visit_check_in_dt, visit_check_out_dt, visit_status) VALUES ('VI0079', 'VE0032', '2025-12-06', '2025-12-11', 'O');
INSERT INTO VEHICLE_VISIT (visit_id, vehi_id, visit_check_in_dt, visit_check_out_dt, visit_status) VALUES ('VI0080', 'VE0044', '2025-10-28', '2025-10-29', 'O');
INSERT INTO VEHICLE_VISIT (visit_id, vehi_id, visit_check_in_dt, visit_check_out_dt, visit_status) VALUES ('VI0081', 'VE0044', '2025-12-09', NULL, 'I');
INSERT INTO VEHICLE_VISIT (visit_id, vehi_id, visit_check_in_dt, visit_check_out_dt, visit_status) VALUES ('VI0082', 'VE0008', '2026-05-14', '2026-05-18', 'O');
INSERT INTO VEHICLE_VISIT (visit_id, vehi_id, visit_check_in_dt, visit_check_out_dt, visit_status) VALUES ('VI0083', 'VE0037', '2025-08-07', '2025-08-08', 'O');
INSERT INTO VEHICLE_VISIT (visit_id, vehi_id, visit_check_in_dt, visit_check_out_dt, visit_status) VALUES ('VI0084', 'VE0037', '2025-05-11', '2025-05-16', 'O');
INSERT INTO VEHICLE_VISIT (visit_id, vehi_id, visit_check_in_dt, visit_check_out_dt, visit_status) VALUES ('VI0085', 'VE0085', '2026-05-23', '2026-05-29', 'O');
INSERT INTO VEHICLE_VISIT (visit_id, vehi_id, visit_check_in_dt, visit_check_out_dt, visit_status) VALUES ('VI0086', 'VE0085', '2025-07-18', '2025-07-24', 'O');
INSERT INTO VEHICLE_VISIT (visit_id, vehi_id, visit_check_in_dt, visit_check_out_dt, visit_status) VALUES ('VI0087', 'VE0086', '2025-06-11', '2025-06-17', 'O');
INSERT INTO VEHICLE_VISIT (visit_id, vehi_id, visit_check_in_dt, visit_check_out_dt, visit_status) VALUES ('VI0088', 'VE0014', '2025-12-15', '2025-12-16', 'O');
INSERT INTO VEHICLE_VISIT (visit_id, vehi_id, visit_check_in_dt, visit_check_out_dt, visit_status) VALUES ('VI0089', 'VE0014', '2025-08-29', '2025-09-03', 'O');
INSERT INTO VEHICLE_VISIT (visit_id, vehi_id, visit_check_in_dt, visit_check_out_dt, visit_status) VALUES ('VI0090', 'VE0074', '2025-02-09', '2025-02-11', 'O');
INSERT INTO VEHICLE_VISIT (visit_id, vehi_id, visit_check_in_dt, visit_check_out_dt, visit_status) VALUES ('VI0091', 'VE0074', '2026-02-19', '2026-02-22', 'O');
INSERT INTO VEHICLE_VISIT (visit_id, vehi_id, visit_check_in_dt, visit_check_out_dt, visit_status) VALUES ('VI0092', 'VE0077', '2025-04-22', '2025-04-28', 'O');
INSERT INTO VEHICLE_VISIT (visit_id, vehi_id, visit_check_in_dt, visit_check_out_dt, visit_status) VALUES ('VI0093', 'VE0077', '2026-03-04', '2026-03-09', 'O');
INSERT INTO VEHICLE_VISIT (visit_id, vehi_id, visit_check_in_dt, visit_check_out_dt, visit_status) VALUES ('VI0094', 'VE0077', '2025-06-30', '2025-07-02', 'O');
INSERT INTO VEHICLE_VISIT (visit_id, vehi_id, visit_check_in_dt, visit_check_out_dt, visit_status) VALUES ('VI0095', 'VE0017', '2025-11-02', '2025-11-06', 'O');
INSERT INTO VEHICLE_VISIT (visit_id, vehi_id, visit_check_in_dt, visit_check_out_dt, visit_status) VALUES ('VI0096', 'VE0017', '2025-01-23', '2025-01-28', 'O');
INSERT INTO VEHICLE_VISIT (visit_id, vehi_id, visit_check_in_dt, visit_check_out_dt, visit_status) VALUES ('VI0097', 'VE0020', '2026-03-20', '2026-03-26', 'O');
INSERT INTO VEHICLE_VISIT (visit_id, vehi_id, visit_check_in_dt, visit_check_out_dt, visit_status) VALUES ('VI0098', 'VE0020', '2025-06-05', '2025-06-10', 'O');
INSERT INTO VEHICLE_VISIT (visit_id, vehi_id, visit_check_in_dt, visit_check_out_dt, visit_status) VALUES ('VI0099', 'VE0055', '2026-05-12', '2026-05-17', 'O');
INSERT INTO VEHICLE_VISIT (visit_id, vehi_id, visit_check_in_dt, visit_check_out_dt, visit_status) VALUES ('VI0100', 'VE0055', '2025-08-06', '2025-08-12', 'O');
INSERT INTO VEHICLE_VISIT (visit_id, vehi_id, visit_check_in_dt, visit_check_out_dt, visit_status) VALUES ('VI0101', 'VE0046', '2026-04-03', '2026-04-08', 'O');
INSERT INTO VEHICLE_VISIT (visit_id, vehi_id, visit_check_in_dt, visit_check_out_dt, visit_status) VALUES ('VI0102', 'VE0022', '2025-09-03', '2025-09-08', 'O');
INSERT INTO VEHICLE_VISIT (visit_id, vehi_id, visit_check_in_dt, visit_check_out_dt, visit_status) VALUES ('VI0103', 'VE0022', '2025-11-30', '2025-12-02', 'O');
INSERT INTO VEHICLE_VISIT (visit_id, vehi_id, visit_check_in_dt, visit_check_out_dt, visit_status) VALUES ('VI0104', 'VE0010', '2026-02-17', NULL, 'C');
INSERT INTO VEHICLE_VISIT (visit_id, vehi_id, visit_check_in_dt, visit_check_out_dt, visit_status) VALUES ('VI0105', 'VE0010', '2025-02-23', NULL, 'C');
INSERT INTO VEHICLE_VISIT (visit_id, vehi_id, visit_check_in_dt, visit_check_out_dt, visit_status) VALUES ('VI0106', 'VE0024', '2025-05-23', '2025-05-28', 'O');
INSERT INTO VEHICLE_VISIT (visit_id, vehi_id, visit_check_in_dt, visit_check_out_dt, visit_status) VALUES ('VI0107', 'VE0024', '2026-05-11', '2026-05-17', 'O');
INSERT INTO VEHICLE_VISIT (visit_id, vehi_id, visit_check_in_dt, visit_check_out_dt, visit_status) VALUES ('VI0108', 'VE0033', '2026-02-08', '2026-02-11', 'O');
INSERT INTO VEHICLE_VISIT (visit_id, vehi_id, visit_check_in_dt, visit_check_out_dt, visit_status) VALUES ('VI0109', 'VE0033', '2025-07-24', NULL, 'I');
INSERT INTO VEHICLE_VISIT (visit_id, vehi_id, visit_check_in_dt, visit_check_out_dt, visit_status) VALUES ('VI0110', 'VE0033', '2026-01-15', '2026-01-20', 'O');
INSERT INTO VEHICLE_VISIT (visit_id, vehi_id, visit_check_in_dt, visit_check_out_dt, visit_status) VALUES ('VI0111', 'VE0062', '2026-07-01', '2026-07-07', 'O');
INSERT INTO VEHICLE_VISIT (visit_id, vehi_id, visit_check_in_dt, visit_check_out_dt, visit_status) VALUES ('VI0112', 'VE0062', '2026-06-11', NULL, 'D');
INSERT INTO VEHICLE_VISIT (visit_id, vehi_id, visit_check_in_dt, visit_check_out_dt, visit_status) VALUES ('VI0113', 'VE0076', '2025-02-13', NULL, 'I');
INSERT INTO VEHICLE_VISIT (visit_id, vehi_id, visit_check_in_dt, visit_check_out_dt, visit_status) VALUES ('VI0114', 'VE0061', '2025-06-27', '2025-07-01', 'O');
INSERT INTO VEHICLE_VISIT (visit_id, vehi_id, visit_check_in_dt, visit_check_out_dt, visit_status) VALUES ('VI0115', 'VE0001', '2026-05-26', '2026-06-01', 'O');
INSERT INTO VEHICLE_VISIT (visit_id, vehi_id, visit_check_in_dt, visit_check_out_dt, visit_status) VALUES ('VI0116', 'VE0001', '2025-09-17', '2025-09-23', 'O');
INSERT INTO VEHICLE_VISIT (visit_id, vehi_id, visit_check_in_dt, visit_check_out_dt, visit_status) VALUES ('VI0117', 'VE0001', '2026-03-31', '2026-04-01', 'O');
INSERT INTO VEHICLE_VISIT (visit_id, vehi_id, visit_check_in_dt, visit_check_out_dt, visit_status) VALUES ('VI0118', 'VE0053', '2025-11-24', '2025-11-29', 'O');
INSERT INTO VEHICLE_VISIT (visit_id, vehi_id, visit_check_in_dt, visit_check_out_dt, visit_status) VALUES ('VI0119', 'VE0053', '2025-12-25', '2025-12-28', 'O');
INSERT INTO VEHICLE_VISIT (visit_id, vehi_id, visit_check_in_dt, visit_check_out_dt, visit_status) VALUES ('VI0120', 'VE0042', '2026-01-27', '2026-01-28', 'O');
INSERT INTO VEHICLE_VISIT (visit_id, vehi_id, visit_check_in_dt, visit_check_out_dt, visit_status) VALUES ('VI0121', 'VE0058', '2026-02-09', '2026-02-15', 'O');
INSERT INTO VEHICLE_VISIT (visit_id, vehi_id, visit_check_in_dt, visit_check_out_dt, visit_status) VALUES ('VI0122', 'VE0041', '2026-01-13', '2026-01-19', 'O');
INSERT INTO VEHICLE_VISIT (visit_id, vehi_id, visit_check_in_dt, visit_check_out_dt, visit_status) VALUES ('VI0123', 'VE0012', '2025-06-27', '2025-06-29', 'O');
INSERT INTO VEHICLE_VISIT (visit_id, vehi_id, visit_check_in_dt, visit_check_out_dt, visit_status) VALUES ('VI0124', 'VE0007', '2026-06-10', '2026-06-11', 'O');
INSERT INTO VEHICLE_VISIT (visit_id, vehi_id, visit_check_in_dt, visit_check_out_dt, visit_status) VALUES ('VI0125', 'VE0064', '2026-04-06', '2026-04-12', 'O');
INSERT INTO VEHICLE_VISIT (visit_id, vehi_id, visit_check_in_dt, visit_check_out_dt, visit_status) VALUES ('VI0126', 'VE0064', '2025-07-11', '2025-07-14', 'O');
INSERT INTO VEHICLE_VISIT (visit_id, vehi_id, visit_check_in_dt, visit_check_out_dt, visit_status) VALUES ('VI0127', 'VE0005', '2025-06-29', NULL, 'D');
INSERT INTO VEHICLE_VISIT (visit_id, vehi_id, visit_check_in_dt, visit_check_out_dt, visit_status) VALUES ('VI0128', 'VE0005', '2025-08-23', '2025-08-29', 'O');
INSERT INTO VEHICLE_VISIT (visit_id, vehi_id, visit_check_in_dt, visit_check_out_dt, visit_status) VALUES ('VI0129', 'VE0051', '2025-12-07', '2025-12-10', 'O');
INSERT INTO VEHICLE_VISIT (visit_id, vehi_id, visit_check_in_dt, visit_check_out_dt, visit_status) VALUES ('VI0130', 'VE0021', '2026-01-26', NULL, 'D');

-- JOB_ASSIGNMENT (261)
INSERT INTO JOB_ASSIGNMENT (jobassign_id, visit_id, job_no, jobassign_assigned_by, jobassign_assign_dt, jobassign_start_dt, jobassign_complete_dt, jobassign_status, jobassign_cost, jobassign_notes) VALUES ('JA0001', 'VI0001', 'JO0016', 'EM0004', '2025-07-06', '2025-07-06', '2025-07-10', 'C', 52892.45, NULL);
INSERT INTO JOB_ASSIGNMENT (jobassign_id, visit_id, job_no, jobassign_assigned_by, jobassign_assign_dt, jobassign_start_dt, jobassign_complete_dt, jobassign_status, jobassign_cost, jobassign_notes) VALUES ('JA0002', 'VI0001', 'JO0028', 'EM0003', '2025-07-06', '2025-07-07', '2025-07-09', 'C', 18176.55, 'Awaiting parts delivery.');
INSERT INTO JOB_ASSIGNMENT (jobassign_id, visit_id, job_no, jobassign_assigned_by, jobassign_assign_dt, jobassign_start_dt, jobassign_complete_dt, jobassign_status, jobassign_cost, jobassign_notes) VALUES ('JA0003', 'VI0002', 'JO0011', 'EM0005', '2025-04-21', NULL, NULL, 'P', NULL, 'Awaiting parts delivery.');
INSERT INTO JOB_ASSIGNMENT (jobassign_id, visit_id, job_no, jobassign_assigned_by, jobassign_assign_dt, jobassign_start_dt, jobassign_complete_dt, jobassign_status, jobassign_cost, jobassign_notes) VALUES ('JA0004', 'VI0003', 'JO0002', 'EM0005', '2026-05-09', '2026-05-10', '2026-05-12', 'C', 3180.63, 'Customer reported noise on braking.');
INSERT INTO JOB_ASSIGNMENT (jobassign_id, visit_id, job_no, jobassign_assigned_by, jobassign_assign_dt, jobassign_start_dt, jobassign_complete_dt, jobassign_status, jobassign_cost, jobassign_notes) VALUES ('JA0005', 'VI0003', 'JO0021', 'EM0004', '2026-05-09', '2026-05-09', '2026-05-10', 'C', 5563.32, 'Routine service item.');
INSERT INTO JOB_ASSIGNMENT (jobassign_id, visit_id, job_no, jobassign_assigned_by, jobassign_assign_dt, jobassign_start_dt, jobassign_complete_dt, jobassign_status, jobassign_cost, jobassign_notes) VALUES ('JA0006', 'VI0004', 'JO0009', 'EM0001', '2025-10-23', NULL, NULL, 'X', NULL, 'Warranty claim submitted.');
INSERT INTO JOB_ASSIGNMENT (jobassign_id, visit_id, job_no, jobassign_assigned_by, jobassign_assign_dt, jobassign_start_dt, jobassign_complete_dt, jobassign_status, jobassign_cost, jobassign_notes) VALUES ('JA0007', 'VI0004', 'JO0002', 'EM0006', '2025-10-23', '2025-10-24', '2025-10-27', 'C', 35948.92, 'Awaiting parts delivery.');
INSERT INTO JOB_ASSIGNMENT (jobassign_id, visit_id, job_no, jobassign_assigned_by, jobassign_assign_dt, jobassign_start_dt, jobassign_complete_dt, jobassign_status, jobassign_cost, jobassign_notes) VALUES ('JA0008', 'VI0004', 'JO0011', 'EM0002', '2025-10-23', '2025-10-24', '2025-10-26', 'C', 37431.93, 'Routine service item.');
INSERT INTO JOB_ASSIGNMENT (jobassign_id, visit_id, job_no, jobassign_assigned_by, jobassign_assign_dt, jobassign_start_dt, jobassign_complete_dt, jobassign_status, jobassign_cost, jobassign_notes) VALUES ('JA0009', 'VI0004', 'JO0028', 'EM0003', '2025-10-23', '2025-10-23', '2025-10-23', 'C', 83266.36, 'Warranty claim submitted.');
INSERT INTO JOB_ASSIGNMENT (jobassign_id, visit_id, job_no, jobassign_assigned_by, jobassign_assign_dt, jobassign_start_dt, jobassign_complete_dt, jobassign_status, jobassign_cost, jobassign_notes) VALUES ('JA0010', 'VI0005', 'JO0006', 'EM0004', '2026-05-16', '2026-05-16', '2026-05-20', 'C', 22415.92, 'Warranty claim submitted.');
INSERT INTO JOB_ASSIGNMENT (jobassign_id, visit_id, job_no, jobassign_assigned_by, jobassign_assign_dt, jobassign_start_dt, jobassign_complete_dt, jobassign_status, jobassign_cost, jobassign_notes) VALUES ('JA0011', 'VI0005', 'JO0022', 'EM0004', '2026-05-16', '2026-05-18', '2026-05-18', 'C', 62395.69, 'Customer waiting on site.');
INSERT INTO JOB_ASSIGNMENT (jobassign_id, visit_id, job_no, jobassign_assigned_by, jobassign_assign_dt, jobassign_start_dt, jobassign_complete_dt, jobassign_status, jobassign_cost, jobassign_notes) VALUES ('JA0012', 'VI0005', 'JO0006', 'EM0004', '2026-05-16', '2026-05-17', '2026-05-17', 'C', 12660.94, 'Follow-up from previous visit.');
INSERT INTO JOB_ASSIGNMENT (jobassign_id, visit_id, job_no, jobassign_assigned_by, jobassign_assign_dt, jobassign_start_dt, jobassign_complete_dt, jobassign_status, jobassign_cost, jobassign_notes) VALUES ('JA0013', 'VI0006', 'JO0025', 'EM0003', '2025-03-21', '2025-03-23', '2025-03-25', 'C', 23191.60, NULL);
INSERT INTO JOB_ASSIGNMENT (jobassign_id, visit_id, job_no, jobassign_assigned_by, jobassign_assign_dt, jobassign_start_dt, jobassign_complete_dt, jobassign_status, jobassign_cost, jobassign_notes) VALUES ('JA0014', 'VI0007', 'JO0022', 'EM0002', '2025-10-26', '2025-10-28', '2025-11-01', 'C', 61466.64, NULL);
INSERT INTO JOB_ASSIGNMENT (jobassign_id, visit_id, job_no, jobassign_assigned_by, jobassign_assign_dt, jobassign_start_dt, jobassign_complete_dt, jobassign_status, jobassign_cost, jobassign_notes) VALUES ('JA0015', 'VI0007', 'JO0026', 'EM0004', '2025-10-26', '2025-10-28', '2025-11-01', 'C', 79590.52, 'Follow-up from previous visit.');
INSERT INTO JOB_ASSIGNMENT (jobassign_id, visit_id, job_no, jobassign_assigned_by, jobassign_assign_dt, jobassign_start_dt, jobassign_complete_dt, jobassign_status, jobassign_cost, jobassign_notes) VALUES ('JA0016', 'VI0007', 'JO0012', 'EM0004', '2025-10-26', '2025-10-28', '2025-10-29', 'C', 67442.36, 'Customer reported noise on braking.');
INSERT INTO JOB_ASSIGNMENT (jobassign_id, visit_id, job_no, jobassign_assigned_by, jobassign_assign_dt, jobassign_start_dt, jobassign_complete_dt, jobassign_status, jobassign_cost, jobassign_notes) VALUES ('JA0017', 'VI0008', 'JO0027', 'EM0005', '2025-10-08', '2025-10-09', '2025-10-09', 'C', 83557.01, 'Warranty claim submitted.');
INSERT INTO JOB_ASSIGNMENT (jobassign_id, visit_id, job_no, jobassign_assigned_by, jobassign_assign_dt, jobassign_start_dt, jobassign_complete_dt, jobassign_status, jobassign_cost, jobassign_notes) VALUES ('JA0018', 'VI0009', 'JO0017', 'EM0005', '2025-06-07', '2025-06-09', '2025-06-09', 'C', 69719.61, 'Routine service item.');
INSERT INTO JOB_ASSIGNMENT (jobassign_id, visit_id, job_no, jobassign_assigned_by, jobassign_assign_dt, jobassign_start_dt, jobassign_complete_dt, jobassign_status, jobassign_cost, jobassign_notes) VALUES ('JA0019', 'VI0009', 'JO0021', 'EM0003', '2025-06-07', '2025-06-08', '2025-06-08', 'C', 54737.63, NULL);
INSERT INTO JOB_ASSIGNMENT (jobassign_id, visit_id, job_no, jobassign_assigned_by, jobassign_assign_dt, jobassign_start_dt, jobassign_complete_dt, jobassign_status, jobassign_cost, jobassign_notes) VALUES ('JA0020', 'VI0010', 'JO0023', 'EM0006', '2026-07-12', NULL, NULL, 'P', NULL, NULL);
INSERT INTO JOB_ASSIGNMENT (jobassign_id, visit_id, job_no, jobassign_assigned_by, jobassign_assign_dt, jobassign_start_dt, jobassign_complete_dt, jobassign_status, jobassign_cost, jobassign_notes) VALUES ('JA0021', 'VI0010', 'JO0001', 'EM0005', '2026-07-12', NULL, NULL, 'P', NULL, 'Follow-up from previous visit.');
INSERT INTO JOB_ASSIGNMENT (jobassign_id, visit_id, job_no, jobassign_assigned_by, jobassign_assign_dt, jobassign_start_dt, jobassign_complete_dt, jobassign_status, jobassign_cost, jobassign_notes) VALUES ('JA0022', 'VI0011', 'JO0020', 'EM0001', '2025-10-03', NULL, NULL, 'P', NULL, 'Customer reported noise on braking.');
INSERT INTO JOB_ASSIGNMENT (jobassign_id, visit_id, job_no, jobassign_assigned_by, jobassign_assign_dt, jobassign_start_dt, jobassign_complete_dt, jobassign_status, jobassign_cost, jobassign_notes) VALUES ('JA0023', 'VI0011', 'JO0003', 'EM0005', '2025-10-03', NULL, NULL, 'P', NULL, 'Customer waiting on site.');
INSERT INTO JOB_ASSIGNMENT (jobassign_id, visit_id, job_no, jobassign_assigned_by, jobassign_assign_dt, jobassign_start_dt, jobassign_complete_dt, jobassign_status, jobassign_cost, jobassign_notes) VALUES ('JA0024', 'VI0012', 'JO0013', 'EM0005', '2025-04-30', '2025-05-01', '2025-05-01', 'C', 26947.15, 'Routine service item.');
INSERT INTO JOB_ASSIGNMENT (jobassign_id, visit_id, job_no, jobassign_assigned_by, jobassign_assign_dt, jobassign_start_dt, jobassign_complete_dt, jobassign_status, jobassign_cost, jobassign_notes) VALUES ('JA0025', 'VI0012', 'JO0029', 'EM0005', '2025-04-30', '2025-05-01', '2025-05-01', 'C', 76932.48, NULL);
INSERT INTO JOB_ASSIGNMENT (jobassign_id, visit_id, job_no, jobassign_assigned_by, jobassign_assign_dt, jobassign_start_dt, jobassign_complete_dt, jobassign_status, jobassign_cost, jobassign_notes) VALUES ('JA0026', 'VI0012', 'JO0015', 'EM0003', '2025-04-30', '2025-05-02', '2025-05-03', 'C', 73833.44, 'Customer reported noise on braking.');
INSERT INTO JOB_ASSIGNMENT (jobassign_id, visit_id, job_no, jobassign_assigned_by, jobassign_assign_dt, jobassign_start_dt, jobassign_complete_dt, jobassign_status, jobassign_cost, jobassign_notes) VALUES ('JA0027', 'VI0013', 'JO0027', 'EM0001', '2025-03-02', '2025-03-02', '2025-03-03', 'C', 16963.32, 'Customer waiting on site.');
INSERT INTO JOB_ASSIGNMENT (jobassign_id, visit_id, job_no, jobassign_assigned_by, jobassign_assign_dt, jobassign_start_dt, jobassign_complete_dt, jobassign_status, jobassign_cost, jobassign_notes) VALUES ('JA0028', 'VI0013', 'JO0028', 'EM0005', '2025-03-02', '2025-03-03', '2025-03-03', 'C', 15452.04, 'Rescheduled at customer request.');
INSERT INTO JOB_ASSIGNMENT (jobassign_id, visit_id, job_no, jobassign_assigned_by, jobassign_assign_dt, jobassign_start_dt, jobassign_complete_dt, jobassign_status, jobassign_cost, jobassign_notes) VALUES ('JA0029', 'VI0014', 'JO0022', 'EM0006', '2025-05-10', '2025-05-12', NULL, 'I', NULL, 'Awaiting parts delivery.');
INSERT INTO JOB_ASSIGNMENT (jobassign_id, visit_id, job_no, jobassign_assigned_by, jobassign_assign_dt, jobassign_start_dt, jobassign_complete_dt, jobassign_status, jobassign_cost, jobassign_notes) VALUES ('JA0030', 'VI0014', 'JO0006', 'EM0003', '2025-05-10', '2025-05-10', NULL, 'I', NULL, 'Customer reported noise on braking.');
INSERT INTO JOB_ASSIGNMENT (jobassign_id, visit_id, job_no, jobassign_assigned_by, jobassign_assign_dt, jobassign_start_dt, jobassign_complete_dt, jobassign_status, jobassign_cost, jobassign_notes) VALUES ('JA0031', 'VI0014', 'JO0017', 'EM0003', '2025-05-10', NULL, NULL, 'P', NULL, NULL);
INSERT INTO JOB_ASSIGNMENT (jobassign_id, visit_id, job_no, jobassign_assigned_by, jobassign_assign_dt, jobassign_start_dt, jobassign_complete_dt, jobassign_status, jobassign_cost, jobassign_notes) VALUES ('JA0032', 'VI0015', 'JO0004', 'EM0002', '2025-12-01', '2025-12-01', '2025-12-01', 'C', 7683.09, 'Warranty claim submitted.');
INSERT INTO JOB_ASSIGNMENT (jobassign_id, visit_id, job_no, jobassign_assigned_by, jobassign_assign_dt, jobassign_start_dt, jobassign_complete_dt, jobassign_status, jobassign_cost, jobassign_notes) VALUES ('JA0033', 'VI0016', 'JO0028', 'EM0001', '2025-12-13', '2025-12-15', '2025-12-18', 'C', 28262.86, NULL);
INSERT INTO JOB_ASSIGNMENT (jobassign_id, visit_id, job_no, jobassign_assigned_by, jobassign_assign_dt, jobassign_start_dt, jobassign_complete_dt, jobassign_status, jobassign_cost, jobassign_notes) VALUES ('JA0034', 'VI0017', 'JO0002', 'EM0006', '2025-08-27', '2025-08-29', '2025-08-31', 'C', 10742.49, NULL);
INSERT INTO JOB_ASSIGNMENT (jobassign_id, visit_id, job_no, jobassign_assigned_by, jobassign_assign_dt, jobassign_start_dt, jobassign_complete_dt, jobassign_status, jobassign_cost, jobassign_notes) VALUES ('JA0035', 'VI0018', 'JO0021', 'EM0005', '2025-03-07', '2025-03-08', '2025-03-08', 'C', 14724.10, NULL);
INSERT INTO JOB_ASSIGNMENT (jobassign_id, visit_id, job_no, jobassign_assigned_by, jobassign_assign_dt, jobassign_start_dt, jobassign_complete_dt, jobassign_status, jobassign_cost, jobassign_notes) VALUES ('JA0036', 'VI0018', 'JO0002', 'EM0001', '2025-03-07', '2025-03-09', '2025-03-09', 'C', 26350.39, NULL);
INSERT INTO JOB_ASSIGNMENT (jobassign_id, visit_id, job_no, jobassign_assigned_by, jobassign_assign_dt, jobassign_start_dt, jobassign_complete_dt, jobassign_status, jobassign_cost, jobassign_notes) VALUES ('JA0037', 'VI0018', 'JO0018', 'EM0003', '2025-03-07', '2025-03-09', '2025-03-09', 'C', 38177.35, 'Parts ordered from main dealer.');
INSERT INTO JOB_ASSIGNMENT (jobassign_id, visit_id, job_no, jobassign_assigned_by, jobassign_assign_dt, jobassign_start_dt, jobassign_complete_dt, jobassign_status, jobassign_cost, jobassign_notes) VALUES ('JA0038', 'VI0018', 'JO0009', 'EM0006', '2025-03-07', NULL, NULL, 'X', NULL, NULL);
INSERT INTO JOB_ASSIGNMENT (jobassign_id, visit_id, job_no, jobassign_assigned_by, jobassign_assign_dt, jobassign_start_dt, jobassign_complete_dt, jobassign_status, jobassign_cost, jobassign_notes) VALUES ('JA0039', 'VI0019', 'JO0008', 'EM0002', '2025-06-28', '2025-06-30', '2025-07-02', 'C', 11699.38, NULL);
INSERT INTO JOB_ASSIGNMENT (jobassign_id, visit_id, job_no, jobassign_assigned_by, jobassign_assign_dt, jobassign_start_dt, jobassign_complete_dt, jobassign_status, jobassign_cost, jobassign_notes) VALUES ('JA0040', 'VI0019', 'JO0021', 'EM0005', '2025-06-28', '2025-06-30', '2025-07-01', 'C', 51844.49, 'Follow-up from previous visit.');
INSERT INTO JOB_ASSIGNMENT (jobassign_id, visit_id, job_no, jobassign_assigned_by, jobassign_assign_dt, jobassign_start_dt, jobassign_complete_dt, jobassign_status, jobassign_cost, jobassign_notes) VALUES ('JA0041', 'VI0020', 'JO0015', 'EM0002', '2026-06-04', '2026-06-05', '2026-06-07', 'C', 48637.31, 'Customer waiting on site.');
INSERT INTO JOB_ASSIGNMENT (jobassign_id, visit_id, job_no, jobassign_assigned_by, jobassign_assign_dt, jobassign_start_dt, jobassign_complete_dt, jobassign_status, jobassign_cost, jobassign_notes) VALUES ('JA0042', 'VI0021', 'JO0005', 'EM0004', '2025-07-19', '2025-07-20', '2025-07-21', 'C', 61809.23, NULL);
INSERT INTO JOB_ASSIGNMENT (jobassign_id, visit_id, job_no, jobassign_assigned_by, jobassign_assign_dt, jobassign_start_dt, jobassign_complete_dt, jobassign_status, jobassign_cost, jobassign_notes) VALUES ('JA0043', 'VI0021', 'JO0018', 'EM0001', '2025-07-19', '2025-07-20', '2025-07-21', 'C', 67466.63, 'Routine service item.');
INSERT INTO JOB_ASSIGNMENT (jobassign_id, visit_id, job_no, jobassign_assigned_by, jobassign_assign_dt, jobassign_start_dt, jobassign_complete_dt, jobassign_status, jobassign_cost, jobassign_notes) VALUES ('JA0044', 'VI0022', 'JO0010', 'EM0002', '2025-09-24', '2025-09-25', '2025-09-25', 'C', 21493.05, NULL);
INSERT INTO JOB_ASSIGNMENT (jobassign_id, visit_id, job_no, jobassign_assigned_by, jobassign_assign_dt, jobassign_start_dt, jobassign_complete_dt, jobassign_status, jobassign_cost, jobassign_notes) VALUES ('JA0045', 'VI0022', 'JO0008', 'EM0004', '2025-09-24', '2025-09-24', '2025-09-25', 'C', 9154.73, 'Customer reported noise on braking.');
INSERT INTO JOB_ASSIGNMENT (jobassign_id, visit_id, job_no, jobassign_assigned_by, jobassign_assign_dt, jobassign_start_dt, jobassign_complete_dt, jobassign_status, jobassign_cost, jobassign_notes) VALUES ('JA0046', 'VI0022', 'JO0017', 'EM0005', '2025-09-24', '2025-09-26', '2025-09-26', 'C', 28740.94, NULL);
INSERT INTO JOB_ASSIGNMENT (jobassign_id, visit_id, job_no, jobassign_assigned_by, jobassign_assign_dt, jobassign_start_dt, jobassign_complete_dt, jobassign_status, jobassign_cost, jobassign_notes) VALUES ('JA0047', 'VI0022', 'JO0005', 'EM0001', '2025-09-24', '2025-09-25', '2025-09-25', 'C', 26629.62, 'Customer reported noise on braking.');
INSERT INTO JOB_ASSIGNMENT (jobassign_id, visit_id, job_no, jobassign_assigned_by, jobassign_assign_dt, jobassign_start_dt, jobassign_complete_dt, jobassign_status, jobassign_cost, jobassign_notes) VALUES ('JA0048', 'VI0023', 'JO0028', 'EM0002', '2025-12-02', '2025-12-04', '2025-12-04', 'C', 10248.18, 'Warranty claim submitted.');
INSERT INTO JOB_ASSIGNMENT (jobassign_id, visit_id, job_no, jobassign_assigned_by, jobassign_assign_dt, jobassign_start_dt, jobassign_complete_dt, jobassign_status, jobassign_cost, jobassign_notes) VALUES ('JA0049', 'VI0023', 'JO0006', 'EM0003', '2025-12-02', '2025-12-02', '2025-12-03', 'C', 31906.63, NULL);
INSERT INTO JOB_ASSIGNMENT (jobassign_id, visit_id, job_no, jobassign_assigned_by, jobassign_assign_dt, jobassign_start_dt, jobassign_complete_dt, jobassign_status, jobassign_cost, jobassign_notes) VALUES ('JA0050', 'VI0024', 'JO0016', 'EM0005', '2025-05-03', NULL, NULL, 'X', NULL, 'Follow-up from previous visit.');
INSERT INTO JOB_ASSIGNMENT (jobassign_id, visit_id, job_no, jobassign_assigned_by, jobassign_assign_dt, jobassign_start_dt, jobassign_complete_dt, jobassign_status, jobassign_cost, jobassign_notes) VALUES ('JA0051', 'VI0025', 'JO0008', 'EM0002', '2025-06-26', '2025-06-27', '2025-06-27', 'C', 46391.00, 'Follow-up from previous visit.');
INSERT INTO JOB_ASSIGNMENT (jobassign_id, visit_id, job_no, jobassign_assigned_by, jobassign_assign_dt, jobassign_start_dt, jobassign_complete_dt, jobassign_status, jobassign_cost, jobassign_notes) VALUES ('JA0052', 'VI0025', 'JO0009', 'EM0004', '2025-06-26', NULL, NULL, 'X', NULL, 'Customer reported noise on braking.');
INSERT INTO JOB_ASSIGNMENT (jobassign_id, visit_id, job_no, jobassign_assigned_by, jobassign_assign_dt, jobassign_start_dt, jobassign_complete_dt, jobassign_status, jobassign_cost, jobassign_notes) VALUES ('JA0053', 'VI0025', 'JO0003', 'EM0001', '2025-06-26', '2025-06-26', '2025-06-27', 'C', 13731.89, 'Warranty claim submitted.');
INSERT INTO JOB_ASSIGNMENT (jobassign_id, visit_id, job_no, jobassign_assigned_by, jobassign_assign_dt, jobassign_start_dt, jobassign_complete_dt, jobassign_status, jobassign_cost, jobassign_notes) VALUES ('JA0054', 'VI0026', 'JO0009', 'EM0006', '2026-05-31', '2026-06-02', NULL, 'I', NULL, NULL);
INSERT INTO JOB_ASSIGNMENT (jobassign_id, visit_id, job_no, jobassign_assigned_by, jobassign_assign_dt, jobassign_start_dt, jobassign_complete_dt, jobassign_status, jobassign_cost, jobassign_notes) VALUES ('JA0055', 'VI0026', 'JO0029', 'EM0004', '2026-05-31', NULL, NULL, 'P', NULL, 'Rescheduled at customer request.');
INSERT INTO JOB_ASSIGNMENT (jobassign_id, visit_id, job_no, jobassign_assigned_by, jobassign_assign_dt, jobassign_start_dt, jobassign_complete_dt, jobassign_status, jobassign_cost, jobassign_notes) VALUES ('JA0056', 'VI0026', 'JO0003', 'EM0002', '2026-05-31', NULL, NULL, 'P', NULL, NULL);
INSERT INTO JOB_ASSIGNMENT (jobassign_id, visit_id, job_no, jobassign_assigned_by, jobassign_assign_dt, jobassign_start_dt, jobassign_complete_dt, jobassign_status, jobassign_cost, jobassign_notes) VALUES ('JA0057', 'VI0027', 'JO0007', 'EM0001', '2026-04-11', '2026-04-13', '2026-04-13', 'C', 35333.08, NULL);
INSERT INTO JOB_ASSIGNMENT (jobassign_id, visit_id, job_no, jobassign_assigned_by, jobassign_assign_dt, jobassign_start_dt, jobassign_complete_dt, jobassign_status, jobassign_cost, jobassign_notes) VALUES ('JA0058', 'VI0027', 'JO0001', 'EM0001', '2026-04-11', '2026-04-12', '2026-04-13', 'C', 9110.35, NULL);
INSERT INTO JOB_ASSIGNMENT (jobassign_id, visit_id, job_no, jobassign_assigned_by, jobassign_assign_dt, jobassign_start_dt, jobassign_complete_dt, jobassign_status, jobassign_cost, jobassign_notes) VALUES ('JA0059', 'VI0027', 'JO0022', 'EM0003', '2026-04-11', '2026-04-11', '2026-04-12', 'C', 83398.00, 'Awaiting parts delivery.');
INSERT INTO JOB_ASSIGNMENT (jobassign_id, visit_id, job_no, jobassign_assigned_by, jobassign_assign_dt, jobassign_start_dt, jobassign_complete_dt, jobassign_status, jobassign_cost, jobassign_notes) VALUES ('JA0060', 'VI0027', 'JO0020', 'EM0006', '2026-04-11', '2026-04-11', '2026-04-13', 'C', 29862.55, 'Warranty claim submitted.');
INSERT INTO JOB_ASSIGNMENT (jobassign_id, visit_id, job_no, jobassign_assigned_by, jobassign_assign_dt, jobassign_start_dt, jobassign_complete_dt, jobassign_status, jobassign_cost, jobassign_notes) VALUES ('JA0061', 'VI0028', 'JO0009', 'EM0001', '2025-05-30', '2025-05-31', '2025-06-02', 'C', 54121.37, NULL);
INSERT INTO JOB_ASSIGNMENT (jobassign_id, visit_id, job_no, jobassign_assigned_by, jobassign_assign_dt, jobassign_start_dt, jobassign_complete_dt, jobassign_status, jobassign_cost, jobassign_notes) VALUES ('JA0062', 'VI0029', 'JO0029', 'EM0003', '2025-07-29', NULL, NULL, 'X', NULL, 'Warranty claim submitted.');
INSERT INTO JOB_ASSIGNMENT (jobassign_id, visit_id, job_no, jobassign_assigned_by, jobassign_assign_dt, jobassign_start_dt, jobassign_complete_dt, jobassign_status, jobassign_cost, jobassign_notes) VALUES ('JA0063', 'VI0029', 'JO0028', 'EM0003', '2025-07-29', '2025-07-30', '2025-07-31', 'C', 51865.87, NULL);
INSERT INTO JOB_ASSIGNMENT (jobassign_id, visit_id, job_no, jobassign_assigned_by, jobassign_assign_dt, jobassign_start_dt, jobassign_complete_dt, jobassign_status, jobassign_cost, jobassign_notes) VALUES ('JA0064', 'VI0029', 'JO0015', 'EM0003', '2025-07-29', '2025-07-30', '2025-07-30', 'C', 37979.69, 'Rescheduled at customer request.');
INSERT INTO JOB_ASSIGNMENT (jobassign_id, visit_id, job_no, jobassign_assigned_by, jobassign_assign_dt, jobassign_start_dt, jobassign_complete_dt, jobassign_status, jobassign_cost, jobassign_notes) VALUES ('JA0065', 'VI0029', 'JO0010', 'EM0003', '2025-07-29', '2025-07-29', '2025-08-02', 'C', 51104.31, 'Awaiting parts delivery.');
INSERT INTO JOB_ASSIGNMENT (jobassign_id, visit_id, job_no, jobassign_assigned_by, jobassign_assign_dt, jobassign_start_dt, jobassign_complete_dt, jobassign_status, jobassign_cost, jobassign_notes) VALUES ('JA0066', 'VI0030', 'JO0014', 'EM0003', '2026-01-26', '2026-01-26', '2026-01-26', 'C', 42980.42, 'Follow-up from previous visit.');
INSERT INTO JOB_ASSIGNMENT (jobassign_id, visit_id, job_no, jobassign_assigned_by, jobassign_assign_dt, jobassign_start_dt, jobassign_complete_dt, jobassign_status, jobassign_cost, jobassign_notes) VALUES ('JA0067', 'VI0031', 'JO0009', 'EM0001', '2026-01-09', NULL, NULL, 'P', NULL, 'Routine service item.');
INSERT INTO JOB_ASSIGNMENT (jobassign_id, visit_id, job_no, jobassign_assigned_by, jobassign_assign_dt, jobassign_start_dt, jobassign_complete_dt, jobassign_status, jobassign_cost, jobassign_notes) VALUES ('JA0068', 'VI0031', 'JO0013', 'EM0006', '2026-01-09', NULL, NULL, 'P', NULL, NULL);
INSERT INTO JOB_ASSIGNMENT (jobassign_id, visit_id, job_no, jobassign_assigned_by, jobassign_assign_dt, jobassign_start_dt, jobassign_complete_dt, jobassign_status, jobassign_cost, jobassign_notes) VALUES ('JA0069', 'VI0032', 'JO0022', 'EM0002', '2025-08-23', '2025-08-24', '2025-08-27', 'C', 12818.06, NULL);
INSERT INTO JOB_ASSIGNMENT (jobassign_id, visit_id, job_no, jobassign_assigned_by, jobassign_assign_dt, jobassign_start_dt, jobassign_complete_dt, jobassign_status, jobassign_cost, jobassign_notes) VALUES ('JA0070', 'VI0032', 'JO0027', 'EM0004', '2025-08-23', '2025-08-24', '2025-08-28', 'C', 60161.23, NULL);
INSERT INTO JOB_ASSIGNMENT (jobassign_id, visit_id, job_no, jobassign_assigned_by, jobassign_assign_dt, jobassign_start_dt, jobassign_complete_dt, jobassign_status, jobassign_cost, jobassign_notes) VALUES ('JA0071', 'VI0032', 'JO0007', 'EM0006', '2025-08-23', '2025-08-23', '2025-08-27', 'C', 64558.30, NULL);
INSERT INTO JOB_ASSIGNMENT (jobassign_id, visit_id, job_no, jobassign_assigned_by, jobassign_assign_dt, jobassign_start_dt, jobassign_complete_dt, jobassign_status, jobassign_cost, jobassign_notes) VALUES ('JA0072', 'VI0033', 'JO0018', 'EM0004', '2026-06-28', '2026-06-28', '2026-07-02', 'C', 50158.57, 'Parts ordered from main dealer.');
INSERT INTO JOB_ASSIGNMENT (jobassign_id, visit_id, job_no, jobassign_assigned_by, jobassign_assign_dt, jobassign_start_dt, jobassign_complete_dt, jobassign_status, jobassign_cost, jobassign_notes) VALUES ('JA0073', 'VI0034', 'JO0017', 'EM0003', '2025-11-19', NULL, NULL, 'X', NULL, 'Customer waiting on site.');
INSERT INTO JOB_ASSIGNMENT (jobassign_id, visit_id, job_no, jobassign_assigned_by, jobassign_assign_dt, jobassign_start_dt, jobassign_complete_dt, jobassign_status, jobassign_cost, jobassign_notes) VALUES ('JA0074', 'VI0034', 'JO0009', 'EM0005', '2025-11-19', '2025-11-19', '2025-11-19', 'C', 69579.77, NULL);
INSERT INTO JOB_ASSIGNMENT (jobassign_id, visit_id, job_no, jobassign_assigned_by, jobassign_assign_dt, jobassign_start_dt, jobassign_complete_dt, jobassign_status, jobassign_cost, jobassign_notes) VALUES ('JA0075', 'VI0034', 'JO0013', 'EM0005', '2025-11-19', '2025-11-20', '2025-11-23', 'C', 14536.41, 'Customer reported noise on braking.');
INSERT INTO JOB_ASSIGNMENT (jobassign_id, visit_id, job_no, jobassign_assigned_by, jobassign_assign_dt, jobassign_start_dt, jobassign_complete_dt, jobassign_status, jobassign_cost, jobassign_notes) VALUES ('JA0076', 'VI0035', 'JO0021', 'EM0002', '2025-01-25', NULL, NULL, 'P', NULL, 'Parts ordered from main dealer.');
INSERT INTO JOB_ASSIGNMENT (jobassign_id, visit_id, job_no, jobassign_assigned_by, jobassign_assign_dt, jobassign_start_dt, jobassign_complete_dt, jobassign_status, jobassign_cost, jobassign_notes) VALUES ('JA0077', 'VI0035', 'JO0019', 'EM0001', '2025-01-25', NULL, NULL, 'P', NULL, 'Awaiting parts delivery.');
INSERT INTO JOB_ASSIGNMENT (jobassign_id, visit_id, job_no, jobassign_assigned_by, jobassign_assign_dt, jobassign_start_dt, jobassign_complete_dt, jobassign_status, jobassign_cost, jobassign_notes) VALUES ('JA0078', 'VI0035', 'JO0013', 'EM0005', '2025-01-25', NULL, NULL, 'P', NULL, 'Warranty claim submitted.');
INSERT INTO JOB_ASSIGNMENT (jobassign_id, visit_id, job_no, jobassign_assigned_by, jobassign_assign_dt, jobassign_start_dt, jobassign_complete_dt, jobassign_status, jobassign_cost, jobassign_notes) VALUES ('JA0079', 'VI0036', 'JO0004', 'EM0006', '2025-12-15', '2025-12-15', '2025-12-16', 'C', 58692.52, NULL);
INSERT INTO JOB_ASSIGNMENT (jobassign_id, visit_id, job_no, jobassign_assigned_by, jobassign_assign_dt, jobassign_start_dt, jobassign_complete_dt, jobassign_status, jobassign_cost, jobassign_notes) VALUES ('JA0080', 'VI0037', 'JO0016', 'EM0001', '2025-05-17', '2025-05-19', '2025-05-19', 'C', 83748.52, 'Parts ordered from main dealer.');
INSERT INTO JOB_ASSIGNMENT (jobassign_id, visit_id, job_no, jobassign_assigned_by, jobassign_assign_dt, jobassign_start_dt, jobassign_complete_dt, jobassign_status, jobassign_cost, jobassign_notes) VALUES ('JA0081', 'VI0037', 'JO0001', 'EM0006', '2025-05-17', '2025-05-17', '2025-05-17', 'C', 32429.81, 'Routine service item.');
INSERT INTO JOB_ASSIGNMENT (jobassign_id, visit_id, job_no, jobassign_assigned_by, jobassign_assign_dt, jobassign_start_dt, jobassign_complete_dt, jobassign_status, jobassign_cost, jobassign_notes) VALUES ('JA0082', 'VI0038', 'JO0024', 'EM0005', '2025-12-21', '2025-12-21', '2025-12-22', 'C', 38537.15, NULL);
INSERT INTO JOB_ASSIGNMENT (jobassign_id, visit_id, job_no, jobassign_assigned_by, jobassign_assign_dt, jobassign_start_dt, jobassign_complete_dt, jobassign_status, jobassign_cost, jobassign_notes) VALUES ('JA0083', 'VI0038', 'JO0009', 'EM0002', '2025-12-21', '2025-12-22', '2025-12-22', 'C', 50575.42, 'Routine service item.');
INSERT INTO JOB_ASSIGNMENT (jobassign_id, visit_id, job_no, jobassign_assigned_by, jobassign_assign_dt, jobassign_start_dt, jobassign_complete_dt, jobassign_status, jobassign_cost, jobassign_notes) VALUES ('JA0084', 'VI0038', 'JO0018', 'EM0002', '2025-12-21', '2025-12-22', '2025-12-22', 'C', 64355.80, 'Routine service item.');
INSERT INTO JOB_ASSIGNMENT (jobassign_id, visit_id, job_no, jobassign_assigned_by, jobassign_assign_dt, jobassign_start_dt, jobassign_complete_dt, jobassign_status, jobassign_cost, jobassign_notes) VALUES ('JA0085', 'VI0039', 'JO0005', 'EM0003', '2026-05-04', NULL, NULL, 'P', NULL, 'Follow-up from previous visit.');
INSERT INTO JOB_ASSIGNMENT (jobassign_id, visit_id, job_no, jobassign_assigned_by, jobassign_assign_dt, jobassign_start_dt, jobassign_complete_dt, jobassign_status, jobassign_cost, jobassign_notes) VALUES ('JA0086', 'VI0040', 'JO0029', 'EM0001', '2026-04-09', '2026-04-11', '2026-04-12', 'C', 48667.55, 'Parts ordered from main dealer.');
INSERT INTO JOB_ASSIGNMENT (jobassign_id, visit_id, job_no, jobassign_assigned_by, jobassign_assign_dt, jobassign_start_dt, jobassign_complete_dt, jobassign_status, jobassign_cost, jobassign_notes) VALUES ('JA0087', 'VI0040', 'JO0001', 'EM0001', '2026-04-09', '2026-04-10', '2026-04-11', 'C', 68443.17, NULL);
INSERT INTO JOB_ASSIGNMENT (jobassign_id, visit_id, job_no, jobassign_assigned_by, jobassign_assign_dt, jobassign_start_dt, jobassign_complete_dt, jobassign_status, jobassign_cost, jobassign_notes) VALUES ('JA0088', 'VI0040', 'JO0027', 'EM0004', '2026-04-09', '2026-04-10', '2026-04-12', 'C', 45176.75, 'Customer reported noise on braking.');
INSERT INTO JOB_ASSIGNMENT (jobassign_id, visit_id, job_no, jobassign_assigned_by, jobassign_assign_dt, jobassign_start_dt, jobassign_complete_dt, jobassign_status, jobassign_cost, jobassign_notes) VALUES ('JA0089', 'VI0041', 'JO0021', 'EM0003', '2026-02-17', '2026-02-19', '2026-02-19', 'C', 21992.10, 'Parts ordered from main dealer.');
INSERT INTO JOB_ASSIGNMENT (jobassign_id, visit_id, job_no, jobassign_assigned_by, jobassign_assign_dt, jobassign_start_dt, jobassign_complete_dt, jobassign_status, jobassign_cost, jobassign_notes) VALUES ('JA0090', 'VI0041', 'JO0011', 'EM0004', '2026-02-17', '2026-02-17', '2026-02-18', 'C', 44607.29, 'Customer waiting on site.');
INSERT INTO JOB_ASSIGNMENT (jobassign_id, visit_id, job_no, jobassign_assigned_by, jobassign_assign_dt, jobassign_start_dt, jobassign_complete_dt, jobassign_status, jobassign_cost, jobassign_notes) VALUES ('JA0091', 'VI0041', 'JO0006', 'EM0005', '2026-02-17', '2026-02-17', '2026-02-17', 'C', 81595.16, NULL);
INSERT INTO JOB_ASSIGNMENT (jobassign_id, visit_id, job_no, jobassign_assigned_by, jobassign_assign_dt, jobassign_start_dt, jobassign_complete_dt, jobassign_status, jobassign_cost, jobassign_notes) VALUES ('JA0092', 'VI0041', 'JO0023', 'EM0006', '2026-02-17', '2026-02-18', '2026-02-19', 'C', 80487.51, 'Customer reported noise on braking.');
INSERT INTO JOB_ASSIGNMENT (jobassign_id, visit_id, job_no, jobassign_assigned_by, jobassign_assign_dt, jobassign_start_dt, jobassign_complete_dt, jobassign_status, jobassign_cost, jobassign_notes) VALUES ('JA0093', 'VI0042', 'JO0013', 'EM0002', '2026-07-04', NULL, NULL, 'P', NULL, NULL);
INSERT INTO JOB_ASSIGNMENT (jobassign_id, visit_id, job_no, jobassign_assigned_by, jobassign_assign_dt, jobassign_start_dt, jobassign_complete_dt, jobassign_status, jobassign_cost, jobassign_notes) VALUES ('JA0094', 'VI0042', 'JO0018', 'EM0002', '2026-07-04', NULL, NULL, 'P', NULL, NULL);
INSERT INTO JOB_ASSIGNMENT (jobassign_id, visit_id, job_no, jobassign_assigned_by, jobassign_assign_dt, jobassign_start_dt, jobassign_complete_dt, jobassign_status, jobassign_cost, jobassign_notes) VALUES ('JA0095', 'VI0043', 'JO0003', 'EM0002', '2025-09-30', '2025-09-30', '2025-10-02', 'C', 10862.97, 'Awaiting parts delivery.');
INSERT INTO JOB_ASSIGNMENT (jobassign_id, visit_id, job_no, jobassign_assigned_by, jobassign_assign_dt, jobassign_start_dt, jobassign_complete_dt, jobassign_status, jobassign_cost, jobassign_notes) VALUES ('JA0096', 'VI0043', 'JO0018', 'EM0004', '2025-09-30', '2025-10-02', '2025-10-05', 'C', 72907.06, NULL);
INSERT INTO JOB_ASSIGNMENT (jobassign_id, visit_id, job_no, jobassign_assigned_by, jobassign_assign_dt, jobassign_start_dt, jobassign_complete_dt, jobassign_status, jobassign_cost, jobassign_notes) VALUES ('JA0097', 'VI0043', 'JO0026', 'EM0004', '2025-09-30', '2025-10-02', '2025-10-05', 'C', 61792.74, NULL);
INSERT INTO JOB_ASSIGNMENT (jobassign_id, visit_id, job_no, jobassign_assigned_by, jobassign_assign_dt, jobassign_start_dt, jobassign_complete_dt, jobassign_status, jobassign_cost, jobassign_notes) VALUES ('JA0098', 'VI0044', 'JO0022', 'EM0001', '2026-06-01', '2026-06-03', '2026-06-03', 'C', 49475.31, NULL);
INSERT INTO JOB_ASSIGNMENT (jobassign_id, visit_id, job_no, jobassign_assigned_by, jobassign_assign_dt, jobassign_start_dt, jobassign_complete_dt, jobassign_status, jobassign_cost, jobassign_notes) VALUES ('JA0099', 'VI0044', 'JO0011', 'EM0001', '2026-06-01', '2026-06-01', '2026-06-02', 'C', 81525.18, 'Routine service item.');
INSERT INTO JOB_ASSIGNMENT (jobassign_id, visit_id, job_no, jobassign_assigned_by, jobassign_assign_dt, jobassign_start_dt, jobassign_complete_dt, jobassign_status, jobassign_cost, jobassign_notes) VALUES ('JA0100', 'VI0044', 'JO0002', 'EM0006', '2026-06-01', '2026-06-02', '2026-06-02', 'C', 19148.88, 'Routine service item.');
INSERT INTO JOB_ASSIGNMENT (jobassign_id, visit_id, job_no, jobassign_assigned_by, jobassign_assign_dt, jobassign_start_dt, jobassign_complete_dt, jobassign_status, jobassign_cost, jobassign_notes) VALUES ('JA0101', 'VI0045', 'JO0007', 'EM0005', '2025-11-09', '2025-11-11', '2025-11-12', 'C', 59191.30, 'Customer waiting on site.');
INSERT INTO JOB_ASSIGNMENT (jobassign_id, visit_id, job_no, jobassign_assigned_by, jobassign_assign_dt, jobassign_start_dt, jobassign_complete_dt, jobassign_status, jobassign_cost, jobassign_notes) VALUES ('JA0102', 'VI0045', 'JO0025', 'EM0005', '2025-11-09', '2025-11-10', '2025-11-11', 'C', 75007.43, 'Customer reported noise on braking.');
INSERT INTO JOB_ASSIGNMENT (jobassign_id, visit_id, job_no, jobassign_assigned_by, jobassign_assign_dt, jobassign_start_dt, jobassign_complete_dt, jobassign_status, jobassign_cost, jobassign_notes) VALUES ('JA0103', 'VI0045', 'JO0009', 'EM0002', '2025-11-09', '2025-11-11', '2025-11-12', 'C', 56579.98, 'Customer reported noise on braking.');
INSERT INTO JOB_ASSIGNMENT (jobassign_id, visit_id, job_no, jobassign_assigned_by, jobassign_assign_dt, jobassign_start_dt, jobassign_complete_dt, jobassign_status, jobassign_cost, jobassign_notes) VALUES ('JA0104', 'VI0045', 'JO0022', 'EM0003', '2025-11-09', '2025-11-10', '2025-11-10', 'C', 32370.24, NULL);
INSERT INTO JOB_ASSIGNMENT (jobassign_id, visit_id, job_no, jobassign_assigned_by, jobassign_assign_dt, jobassign_start_dt, jobassign_complete_dt, jobassign_status, jobassign_cost, jobassign_notes) VALUES ('JA0105', 'VI0046', 'JO0010', 'EM0002', '2026-07-08', '2026-07-08', '2026-07-10', 'C', 40166.09, 'Customer reported noise on braking.');
INSERT INTO JOB_ASSIGNMENT (jobassign_id, visit_id, job_no, jobassign_assigned_by, jobassign_assign_dt, jobassign_start_dt, jobassign_complete_dt, jobassign_status, jobassign_cost, jobassign_notes) VALUES ('JA0106', 'VI0046', 'JO0010', 'EM0003', '2026-07-08', '2026-07-08', '2026-07-09', 'C', 59029.08, 'Customer waiting on site.');
INSERT INTO JOB_ASSIGNMENT (jobassign_id, visit_id, job_no, jobassign_assigned_by, jobassign_assign_dt, jobassign_start_dt, jobassign_complete_dt, jobassign_status, jobassign_cost, jobassign_notes) VALUES ('JA0107', 'VI0046', 'JO0025', 'EM0003', '2026-07-08', '2026-07-10', '2026-07-12', 'C', 36163.41, 'Warranty claim submitted.');
INSERT INTO JOB_ASSIGNMENT (jobassign_id, visit_id, job_no, jobassign_assigned_by, jobassign_assign_dt, jobassign_start_dt, jobassign_complete_dt, jobassign_status, jobassign_cost, jobassign_notes) VALUES ('JA0108', 'VI0046', 'JO0002', 'EM0003', '2026-07-08', '2026-07-09', '2026-07-13', 'C', 82726.61, NULL);
INSERT INTO JOB_ASSIGNMENT (jobassign_id, visit_id, job_no, jobassign_assigned_by, jobassign_assign_dt, jobassign_start_dt, jobassign_complete_dt, jobassign_status, jobassign_cost, jobassign_notes) VALUES ('JA0109', 'VI0047', 'JO0014', 'EM0001', '2025-11-19', '2025-11-19', '2025-11-20', 'C', 28840.81, 'Follow-up from previous visit.');
INSERT INTO JOB_ASSIGNMENT (jobassign_id, visit_id, job_no, jobassign_assigned_by, jobassign_assign_dt, jobassign_start_dt, jobassign_complete_dt, jobassign_status, jobassign_cost, jobassign_notes) VALUES ('JA0110', 'VI0047', 'JO0030', 'EM0004', '2025-11-19', '2025-11-21', '2025-11-21', 'C', 2736.70, 'Routine service item.');
INSERT INTO JOB_ASSIGNMENT (jobassign_id, visit_id, job_no, jobassign_assigned_by, jobassign_assign_dt, jobassign_start_dt, jobassign_complete_dt, jobassign_status, jobassign_cost, jobassign_notes) VALUES ('JA0111', 'VI0048', 'JO0022', 'EM0003', '2025-02-19', '2025-02-20', '2025-02-23', 'C', 16991.21, 'Customer reported noise on braking.');
INSERT INTO JOB_ASSIGNMENT (jobassign_id, visit_id, job_no, jobassign_assigned_by, jobassign_assign_dt, jobassign_start_dt, jobassign_complete_dt, jobassign_status, jobassign_cost, jobassign_notes) VALUES ('JA0112', 'VI0048', 'JO0005', 'EM0001', '2025-02-19', '2025-02-19', '2025-02-21', 'C', 28521.00, NULL);
INSERT INTO JOB_ASSIGNMENT (jobassign_id, visit_id, job_no, jobassign_assigned_by, jobassign_assign_dt, jobassign_start_dt, jobassign_complete_dt, jobassign_status, jobassign_cost, jobassign_notes) VALUES ('JA0113', 'VI0048', 'JO0020', 'EM0003', '2025-02-19', '2025-02-21', '2025-02-23', 'C', 21700.42, NULL);
INSERT INTO JOB_ASSIGNMENT (jobassign_id, visit_id, job_no, jobassign_assigned_by, jobassign_assign_dt, jobassign_start_dt, jobassign_complete_dt, jobassign_status, jobassign_cost, jobassign_notes) VALUES ('JA0114', 'VI0049', 'JO0003', 'EM0003', '2025-10-22', '2025-10-22', '2025-10-24', 'C', 26594.09, 'Customer reported noise on braking.');
INSERT INTO JOB_ASSIGNMENT (jobassign_id, visit_id, job_no, jobassign_assigned_by, jobassign_assign_dt, jobassign_start_dt, jobassign_complete_dt, jobassign_status, jobassign_cost, jobassign_notes) VALUES ('JA0115', 'VI0050', 'JO0017', 'EM0003', '2025-08-09', NULL, NULL, 'P', NULL, 'Customer reported noise on braking.');
INSERT INTO JOB_ASSIGNMENT (jobassign_id, visit_id, job_no, jobassign_assigned_by, jobassign_assign_dt, jobassign_start_dt, jobassign_complete_dt, jobassign_status, jobassign_cost, jobassign_notes) VALUES ('JA0116', 'VI0050', 'JO0030', 'EM0006', '2025-08-09', '2025-08-10', NULL, 'I', NULL, 'Routine service item.');
INSERT INTO JOB_ASSIGNMENT (jobassign_id, visit_id, job_no, jobassign_assigned_by, jobassign_assign_dt, jobassign_start_dt, jobassign_complete_dt, jobassign_status, jobassign_cost, jobassign_notes) VALUES ('JA0117', 'VI0051', 'JO0025', 'EM0002', '2026-05-14', '2026-05-14', '2026-05-14', 'C', 16647.61, 'Rescheduled at customer request.');
INSERT INTO JOB_ASSIGNMENT (jobassign_id, visit_id, job_no, jobassign_assigned_by, jobassign_assign_dt, jobassign_start_dt, jobassign_complete_dt, jobassign_status, jobassign_cost, jobassign_notes) VALUES ('JA0118', 'VI0052', 'JO0010', 'EM0004', '2025-07-04', NULL, NULL, 'P', NULL, NULL);
INSERT INTO JOB_ASSIGNMENT (jobassign_id, visit_id, job_no, jobassign_assigned_by, jobassign_assign_dt, jobassign_start_dt, jobassign_complete_dt, jobassign_status, jobassign_cost, jobassign_notes) VALUES ('JA0119', 'VI0052', 'JO0028', 'EM0005', '2025-07-04', NULL, NULL, 'P', NULL, NULL);
INSERT INTO JOB_ASSIGNMENT (jobassign_id, visit_id, job_no, jobassign_assigned_by, jobassign_assign_dt, jobassign_start_dt, jobassign_complete_dt, jobassign_status, jobassign_cost, jobassign_notes) VALUES ('JA0120', 'VI0052', 'JO0010', 'EM0001', '2025-07-04', NULL, NULL, 'P', NULL, NULL);
INSERT INTO JOB_ASSIGNMENT (jobassign_id, visit_id, job_no, jobassign_assigned_by, jobassign_assign_dt, jobassign_start_dt, jobassign_complete_dt, jobassign_status, jobassign_cost, jobassign_notes) VALUES ('JA0121', 'VI0053', 'JO0007', 'EM0003', '2026-03-01', NULL, NULL, 'P', NULL, 'Warranty claim submitted.');
INSERT INTO JOB_ASSIGNMENT (jobassign_id, visit_id, job_no, jobassign_assigned_by, jobassign_assign_dt, jobassign_start_dt, jobassign_complete_dt, jobassign_status, jobassign_cost, jobassign_notes) VALUES ('JA0122', 'VI0054', 'JO0013', 'EM0004', '2026-06-09', '2026-06-10', '2026-06-10', 'C', 35063.79, 'Follow-up from previous visit.');
INSERT INTO JOB_ASSIGNMENT (jobassign_id, visit_id, job_no, jobassign_assigned_by, jobassign_assign_dt, jobassign_start_dt, jobassign_complete_dt, jobassign_status, jobassign_cost, jobassign_notes) VALUES ('JA0123', 'VI0054', 'JO0021', 'EM0006', '2026-06-09', '2026-06-11', '2026-06-11', 'C', 36788.09, NULL);
INSERT INTO JOB_ASSIGNMENT (jobassign_id, visit_id, job_no, jobassign_assigned_by, jobassign_assign_dt, jobassign_start_dt, jobassign_complete_dt, jobassign_status, jobassign_cost, jobassign_notes) VALUES ('JA0124', 'VI0055', 'JO0024', 'EM0006', '2025-10-03', '2025-10-05', '2025-10-05', 'C', 33862.79, 'Parts ordered from main dealer.');
INSERT INTO JOB_ASSIGNMENT (jobassign_id, visit_id, job_no, jobassign_assigned_by, jobassign_assign_dt, jobassign_start_dt, jobassign_complete_dt, jobassign_status, jobassign_cost, jobassign_notes) VALUES ('JA0125', 'VI0055', 'JO0001', 'EM0001', '2025-10-03', '2025-10-04', '2025-10-04', 'C', 66521.03, NULL);
INSERT INTO JOB_ASSIGNMENT (jobassign_id, visit_id, job_no, jobassign_assigned_by, jobassign_assign_dt, jobassign_start_dt, jobassign_complete_dt, jobassign_status, jobassign_cost, jobassign_notes) VALUES ('JA0126', 'VI0055', 'JO0023', 'EM0006', '2025-10-03', '2025-10-04', '2025-10-08', 'C', 80076.32, 'Customer waiting on site.');
INSERT INTO JOB_ASSIGNMENT (jobassign_id, visit_id, job_no, jobassign_assigned_by, jobassign_assign_dt, jobassign_start_dt, jobassign_complete_dt, jobassign_status, jobassign_cost, jobassign_notes) VALUES ('JA0127', 'VI0056', 'JO0012', 'EM0001', '2025-11-15', NULL, NULL, 'P', NULL, NULL);
INSERT INTO JOB_ASSIGNMENT (jobassign_id, visit_id, job_no, jobassign_assigned_by, jobassign_assign_dt, jobassign_start_dt, jobassign_complete_dt, jobassign_status, jobassign_cost, jobassign_notes) VALUES ('JA0128', 'VI0056', 'JO0014', 'EM0001', '2025-11-15', NULL, NULL, 'P', NULL, NULL);
INSERT INTO JOB_ASSIGNMENT (jobassign_id, visit_id, job_no, jobassign_assigned_by, jobassign_assign_dt, jobassign_start_dt, jobassign_complete_dt, jobassign_status, jobassign_cost, jobassign_notes) VALUES ('JA0129', 'VI0057', 'JO0007', 'EM0003', '2026-05-05', '2026-05-05', '2026-05-07', 'C', 19990.43, 'Customer reported noise on braking.');
INSERT INTO JOB_ASSIGNMENT (jobassign_id, visit_id, job_no, jobassign_assigned_by, jobassign_assign_dt, jobassign_start_dt, jobassign_complete_dt, jobassign_status, jobassign_cost, jobassign_notes) VALUES ('JA0130', 'VI0057', 'JO0025', 'EM0001', '2026-05-05', '2026-05-07', '2026-05-09', 'C', 29311.40, NULL);
INSERT INTO JOB_ASSIGNMENT (jobassign_id, visit_id, job_no, jobassign_assigned_by, jobassign_assign_dt, jobassign_start_dt, jobassign_complete_dt, jobassign_status, jobassign_cost, jobassign_notes) VALUES ('JA0131', 'VI0058', 'JO0028', 'EM0003', '2025-08-23', NULL, NULL, 'X', NULL, 'Rescheduled at customer request.');
INSERT INTO JOB_ASSIGNMENT (jobassign_id, visit_id, job_no, jobassign_assigned_by, jobassign_assign_dt, jobassign_start_dt, jobassign_complete_dt, jobassign_status, jobassign_cost, jobassign_notes) VALUES ('JA0132', 'VI0059', 'JO0009', 'EM0005', '2025-07-25', '2025-07-26', '2025-07-27', 'C', 34177.45, 'Routine service item.');
INSERT INTO JOB_ASSIGNMENT (jobassign_id, visit_id, job_no, jobassign_assigned_by, jobassign_assign_dt, jobassign_start_dt, jobassign_complete_dt, jobassign_status, jobassign_cost, jobassign_notes) VALUES ('JA0133', 'VI0060', 'JO0005', 'EM0005', '2025-04-18', '2025-04-20', '2025-04-24', 'C', 27195.34, 'Awaiting parts delivery.');
INSERT INTO JOB_ASSIGNMENT (jobassign_id, visit_id, job_no, jobassign_assigned_by, jobassign_assign_dt, jobassign_start_dt, jobassign_complete_dt, jobassign_status, jobassign_cost, jobassign_notes) VALUES ('JA0134', 'VI0061', 'JO0005', 'EM0002', '2025-01-29', '2025-01-31', '2025-02-02', 'C', 40483.57, 'Rescheduled at customer request.');
INSERT INTO JOB_ASSIGNMENT (jobassign_id, visit_id, job_no, jobassign_assigned_by, jobassign_assign_dt, jobassign_start_dt, jobassign_complete_dt, jobassign_status, jobassign_cost, jobassign_notes) VALUES ('JA0135', 'VI0061', 'JO0029', 'EM0006', '2025-01-29', '2025-01-29', '2025-02-01', 'C', 9354.83, NULL);
INSERT INTO JOB_ASSIGNMENT (jobassign_id, visit_id, job_no, jobassign_assigned_by, jobassign_assign_dt, jobassign_start_dt, jobassign_complete_dt, jobassign_status, jobassign_cost, jobassign_notes) VALUES ('JA0136', 'VI0062', 'JO0025', 'EM0005', '2026-05-06', NULL, NULL, 'X', NULL, 'Customer waiting on site.');
INSERT INTO JOB_ASSIGNMENT (jobassign_id, visit_id, job_no, jobassign_assigned_by, jobassign_assign_dt, jobassign_start_dt, jobassign_complete_dt, jobassign_status, jobassign_cost, jobassign_notes) VALUES ('JA0137', 'VI0063', 'JO0029', 'EM0002', '2026-01-29', '2026-01-29', '2026-02-01', 'C', 3924.55, 'Warranty claim submitted.');
INSERT INTO JOB_ASSIGNMENT (jobassign_id, visit_id, job_no, jobassign_assigned_by, jobassign_assign_dt, jobassign_start_dt, jobassign_complete_dt, jobassign_status, jobassign_cost, jobassign_notes) VALUES ('JA0138', 'VI0064', 'JO0024', 'EM0005', '2026-05-17', NULL, NULL, 'X', NULL, 'Warranty claim submitted.');
INSERT INTO JOB_ASSIGNMENT (jobassign_id, visit_id, job_no, jobassign_assigned_by, jobassign_assign_dt, jobassign_start_dt, jobassign_complete_dt, jobassign_status, jobassign_cost, jobassign_notes) VALUES ('JA0139', 'VI0064', 'JO0025', 'EM0004', '2026-05-17', '2026-05-19', '2026-05-23', 'C', 70105.05, 'Routine service item.');
INSERT INTO JOB_ASSIGNMENT (jobassign_id, visit_id, job_no, jobassign_assigned_by, jobassign_assign_dt, jobassign_start_dt, jobassign_complete_dt, jobassign_status, jobassign_cost, jobassign_notes) VALUES ('JA0140', 'VI0064', 'JO0007', 'EM0004', '2026-05-17', '2026-05-17', '2026-05-19', 'C', 59749.77, 'Customer reported noise on braking.');
INSERT INTO JOB_ASSIGNMENT (jobassign_id, visit_id, job_no, jobassign_assigned_by, jobassign_assign_dt, jobassign_start_dt, jobassign_complete_dt, jobassign_status, jobassign_cost, jobassign_notes) VALUES ('JA0141', 'VI0065', 'JO0015', 'EM0006', '2026-06-19', '2026-06-19', '2026-06-22', 'C', 18791.65, 'Follow-up from previous visit.');
INSERT INTO JOB_ASSIGNMENT (jobassign_id, visit_id, job_no, jobassign_assigned_by, jobassign_assign_dt, jobassign_start_dt, jobassign_complete_dt, jobassign_status, jobassign_cost, jobassign_notes) VALUES ('JA0142', 'VI0065', 'JO0016', 'EM0003', '2026-06-19', '2026-06-20', '2026-06-23', 'C', 44073.09, 'Customer waiting on site.');
INSERT INTO JOB_ASSIGNMENT (jobassign_id, visit_id, job_no, jobassign_assigned_by, jobassign_assign_dt, jobassign_start_dt, jobassign_complete_dt, jobassign_status, jobassign_cost, jobassign_notes) VALUES ('JA0143', 'VI0066', 'JO0014', 'EM0001', '2025-03-08', '2025-03-09', '2025-03-10', 'C', 81287.56, 'Routine service item.');
INSERT INTO JOB_ASSIGNMENT (jobassign_id, visit_id, job_no, jobassign_assigned_by, jobassign_assign_dt, jobassign_start_dt, jobassign_complete_dt, jobassign_status, jobassign_cost, jobassign_notes) VALUES ('JA0144', 'VI0066', 'JO0019', 'EM0005', '2025-03-08', '2025-03-09', '2025-03-11', 'C', 43468.39, 'Follow-up from previous visit.');
INSERT INTO JOB_ASSIGNMENT (jobassign_id, visit_id, job_no, jobassign_assigned_by, jobassign_assign_dt, jobassign_start_dt, jobassign_complete_dt, jobassign_status, jobassign_cost, jobassign_notes) VALUES ('JA0145', 'VI0066', 'JO0009', 'EM0002', '2025-03-08', '2025-03-08', '2025-03-11', 'C', 51759.63, 'Rescheduled at customer request.');
INSERT INTO JOB_ASSIGNMENT (jobassign_id, visit_id, job_no, jobassign_assigned_by, jobassign_assign_dt, jobassign_start_dt, jobassign_complete_dt, jobassign_status, jobassign_cost, jobassign_notes) VALUES ('JA0146', 'VI0067', 'JO0026', 'EM0006', '2026-05-21', '2026-05-23', '2026-05-23', 'C', 23790.49, 'Parts ordered from main dealer.');
INSERT INTO JOB_ASSIGNMENT (jobassign_id, visit_id, job_no, jobassign_assigned_by, jobassign_assign_dt, jobassign_start_dt, jobassign_complete_dt, jobassign_status, jobassign_cost, jobassign_notes) VALUES ('JA0147', 'VI0067', 'JO0002', 'EM0005', '2026-05-21', '2026-05-21', '2026-05-25', 'C', 82052.85, 'Routine service item.');
INSERT INTO JOB_ASSIGNMENT (jobassign_id, visit_id, job_no, jobassign_assigned_by, jobassign_assign_dt, jobassign_start_dt, jobassign_complete_dt, jobassign_status, jobassign_cost, jobassign_notes) VALUES ('JA0148', 'VI0067', 'JO0026', 'EM0002', '2026-05-21', '2026-05-22', '2026-05-24', 'C', 38842.98, 'Customer reported noise on braking.');
INSERT INTO JOB_ASSIGNMENT (jobassign_id, visit_id, job_no, jobassign_assigned_by, jobassign_assign_dt, jobassign_start_dt, jobassign_complete_dt, jobassign_status, jobassign_cost, jobassign_notes) VALUES ('JA0149', 'VI0068', 'JO0021', 'EM0003', '2025-02-22', '2025-02-22', NULL, 'I', NULL, NULL);
INSERT INTO JOB_ASSIGNMENT (jobassign_id, visit_id, job_no, jobassign_assigned_by, jobassign_assign_dt, jobassign_start_dt, jobassign_complete_dt, jobassign_status, jobassign_cost, jobassign_notes) VALUES ('JA0150', 'VI0069', 'JO0028', 'EM0006', '2025-10-17', '2025-10-17', '2025-10-17', 'C', 78286.99, 'Customer waiting on site.');
INSERT INTO JOB_ASSIGNMENT (jobassign_id, visit_id, job_no, jobassign_assigned_by, jobassign_assign_dt, jobassign_start_dt, jobassign_complete_dt, jobassign_status, jobassign_cost, jobassign_notes) VALUES ('JA0151', 'VI0070', 'JO0007', 'EM0006', '2026-07-08', '2026-07-08', '2026-07-12', 'C', 82300.05, 'Customer reported noise on braking.');
INSERT INTO JOB_ASSIGNMENT (jobassign_id, visit_id, job_no, jobassign_assigned_by, jobassign_assign_dt, jobassign_start_dt, jobassign_complete_dt, jobassign_status, jobassign_cost, jobassign_notes) VALUES ('JA0152', 'VI0071', 'JO0003', 'EM0004', '2025-11-21', '2025-11-22', '2025-11-26', 'C', 59877.28, NULL);
INSERT INTO JOB_ASSIGNMENT (jobassign_id, visit_id, job_no, jobassign_assigned_by, jobassign_assign_dt, jobassign_start_dt, jobassign_complete_dt, jobassign_status, jobassign_cost, jobassign_notes) VALUES ('JA0153', 'VI0072', 'JO0022', 'EM0002', '2025-03-31', '2025-04-01', '2025-04-04', 'C', 38031.99, NULL);
INSERT INTO JOB_ASSIGNMENT (jobassign_id, visit_id, job_no, jobassign_assigned_by, jobassign_assign_dt, jobassign_start_dt, jobassign_complete_dt, jobassign_status, jobassign_cost, jobassign_notes) VALUES ('JA0154', 'VI0072', 'JO0009', 'EM0005', '2025-03-31', '2025-03-31', '2025-03-31', 'C', 69322.65, 'Awaiting parts delivery.');
INSERT INTO JOB_ASSIGNMENT (jobassign_id, visit_id, job_no, jobassign_assigned_by, jobassign_assign_dt, jobassign_start_dt, jobassign_complete_dt, jobassign_status, jobassign_cost, jobassign_notes) VALUES ('JA0155', 'VI0073', 'JO0008', 'EM0006', '2025-04-10', '2025-04-10', '2025-04-11', 'C', 80079.44, 'Customer waiting on site.');
INSERT INTO JOB_ASSIGNMENT (jobassign_id, visit_id, job_no, jobassign_assigned_by, jobassign_assign_dt, jobassign_start_dt, jobassign_complete_dt, jobassign_status, jobassign_cost, jobassign_notes) VALUES ('JA0156', 'VI0074', 'JO0017', 'EM0006', '2026-06-13', '2026-06-15', '2026-06-17', 'C', 63748.25, NULL);
INSERT INTO JOB_ASSIGNMENT (jobassign_id, visit_id, job_no, jobassign_assigned_by, jobassign_assign_dt, jobassign_start_dt, jobassign_complete_dt, jobassign_status, jobassign_cost, jobassign_notes) VALUES ('JA0157', 'VI0074', 'JO0029', 'EM0002', '2026-06-13', '2026-06-14', '2026-06-17', 'C', 30778.33, 'Warranty claim submitted.');
INSERT INTO JOB_ASSIGNMENT (jobassign_id, visit_id, job_no, jobassign_assigned_by, jobassign_assign_dt, jobassign_start_dt, jobassign_complete_dt, jobassign_status, jobassign_cost, jobassign_notes) VALUES ('JA0158', 'VI0075', 'JO0005', 'EM0004', '2026-06-08', '2026-06-10', '2026-06-10', 'C', 68231.41, 'Parts ordered from main dealer.');
INSERT INTO JOB_ASSIGNMENT (jobassign_id, visit_id, job_no, jobassign_assigned_by, jobassign_assign_dt, jobassign_start_dt, jobassign_complete_dt, jobassign_status, jobassign_cost, jobassign_notes) VALUES ('JA0159', 'VI0076', 'JO0014', 'EM0002', '2026-02-12', '2026-02-13', '2026-02-15', 'C', 59211.53, NULL);
INSERT INTO JOB_ASSIGNMENT (jobassign_id, visit_id, job_no, jobassign_assigned_by, jobassign_assign_dt, jobassign_start_dt, jobassign_complete_dt, jobassign_status, jobassign_cost, jobassign_notes) VALUES ('JA0160', 'VI0076', 'JO0006', 'EM0006', '2026-02-12', '2026-02-12', '2026-02-14', 'C', 58069.34, 'Follow-up from previous visit.');
INSERT INTO JOB_ASSIGNMENT (jobassign_id, visit_id, job_no, jobassign_assigned_by, jobassign_assign_dt, jobassign_start_dt, jobassign_complete_dt, jobassign_status, jobassign_cost, jobassign_notes) VALUES ('JA0161', 'VI0077', 'JO0026', 'EM0004', '2025-12-31', NULL, NULL, 'X', NULL, 'Parts ordered from main dealer.');
INSERT INTO JOB_ASSIGNMENT (jobassign_id, visit_id, job_no, jobassign_assigned_by, jobassign_assign_dt, jobassign_start_dt, jobassign_complete_dt, jobassign_status, jobassign_cost, jobassign_notes) VALUES ('JA0162', 'VI0077', 'JO0023', 'EM0006', '2025-12-31', '2026-01-01', '2026-01-01', 'C', 4964.20, 'Routine service item.');
INSERT INTO JOB_ASSIGNMENT (jobassign_id, visit_id, job_no, jobassign_assigned_by, jobassign_assign_dt, jobassign_start_dt, jobassign_complete_dt, jobassign_status, jobassign_cost, jobassign_notes) VALUES ('JA0163', 'VI0078', 'JO0030', 'EM0006', '2026-04-16', '2026-04-17', '2026-04-17', 'C', 70097.80, NULL);
INSERT INTO JOB_ASSIGNMENT (jobassign_id, visit_id, job_no, jobassign_assigned_by, jobassign_assign_dt, jobassign_start_dt, jobassign_complete_dt, jobassign_status, jobassign_cost, jobassign_notes) VALUES ('JA0164', 'VI0079', 'JO0028', 'EM0006', '2025-12-06', '2025-12-07', '2025-12-09', 'C', 33215.91, 'Follow-up from previous visit.');
INSERT INTO JOB_ASSIGNMENT (jobassign_id, visit_id, job_no, jobassign_assigned_by, jobassign_assign_dt, jobassign_start_dt, jobassign_complete_dt, jobassign_status, jobassign_cost, jobassign_notes) VALUES ('JA0165', 'VI0079', 'JO0028', 'EM0006', '2025-12-06', '2025-12-07', '2025-12-09', 'C', 18354.93, 'Routine service item.');
INSERT INTO JOB_ASSIGNMENT (jobassign_id, visit_id, job_no, jobassign_assigned_by, jobassign_assign_dt, jobassign_start_dt, jobassign_complete_dt, jobassign_status, jobassign_cost, jobassign_notes) VALUES ('JA0166', 'VI0080', 'JO0030', 'EM0003', '2025-10-28', '2025-10-28', '2025-10-28', 'C', 46701.88, 'Routine service item.');
INSERT INTO JOB_ASSIGNMENT (jobassign_id, visit_id, job_no, jobassign_assigned_by, jobassign_assign_dt, jobassign_start_dt, jobassign_complete_dt, jobassign_status, jobassign_cost, jobassign_notes) VALUES ('JA0167', 'VI0081', 'JO0016', 'EM0004', '2025-12-09', '2025-12-10', NULL, 'I', NULL, 'Customer waiting on site.');
INSERT INTO JOB_ASSIGNMENT (jobassign_id, visit_id, job_no, jobassign_assigned_by, jobassign_assign_dt, jobassign_start_dt, jobassign_complete_dt, jobassign_status, jobassign_cost, jobassign_notes) VALUES ('JA0168', 'VI0081', 'JO0030', 'EM0003', '2025-12-09', NULL, NULL, 'P', NULL, 'Warranty claim submitted.');
INSERT INTO JOB_ASSIGNMENT (jobassign_id, visit_id, job_no, jobassign_assigned_by, jobassign_assign_dt, jobassign_start_dt, jobassign_complete_dt, jobassign_status, jobassign_cost, jobassign_notes) VALUES ('JA0169', 'VI0082', 'JO0012', 'EM0005', '2026-05-14', '2026-05-14', '2026-05-15', 'C', 22873.35, NULL);
INSERT INTO JOB_ASSIGNMENT (jobassign_id, visit_id, job_no, jobassign_assigned_by, jobassign_assign_dt, jobassign_start_dt, jobassign_complete_dt, jobassign_status, jobassign_cost, jobassign_notes) VALUES ('JA0170', 'VI0082', 'JO0010', 'EM0002', '2026-05-14', '2026-05-15', '2026-05-17', 'C', 51675.70, NULL);
INSERT INTO JOB_ASSIGNMENT (jobassign_id, visit_id, job_no, jobassign_assigned_by, jobassign_assign_dt, jobassign_start_dt, jobassign_complete_dt, jobassign_status, jobassign_cost, jobassign_notes) VALUES ('JA0171', 'VI0083', 'JO0013', 'EM0001', '2025-08-07', NULL, NULL, 'X', NULL, 'Customer reported noise on braking.');
INSERT INTO JOB_ASSIGNMENT (jobassign_id, visit_id, job_no, jobassign_assigned_by, jobassign_assign_dt, jobassign_start_dt, jobassign_complete_dt, jobassign_status, jobassign_cost, jobassign_notes) VALUES ('JA0172', 'VI0083', 'JO0021', 'EM0001', '2025-08-07', '2025-08-08', '2025-08-08', 'C', 81689.71, 'Routine service item.');
INSERT INTO JOB_ASSIGNMENT (jobassign_id, visit_id, job_no, jobassign_assigned_by, jobassign_assign_dt, jobassign_start_dt, jobassign_complete_dt, jobassign_status, jobassign_cost, jobassign_notes) VALUES ('JA0173', 'VI0084', 'JO0010', 'EM0005', '2025-05-11', '2025-05-11', '2025-05-13', 'C', 80266.30, NULL);
INSERT INTO JOB_ASSIGNMENT (jobassign_id, visit_id, job_no, jobassign_assigned_by, jobassign_assign_dt, jobassign_start_dt, jobassign_complete_dt, jobassign_status, jobassign_cost, jobassign_notes) VALUES ('JA0174', 'VI0084', 'JO0016', 'EM0006', '2025-05-11', '2025-05-13', '2025-05-14', 'C', 35740.69, NULL);
INSERT INTO JOB_ASSIGNMENT (jobassign_id, visit_id, job_no, jobassign_assigned_by, jobassign_assign_dt, jobassign_start_dt, jobassign_complete_dt, jobassign_status, jobassign_cost, jobassign_notes) VALUES ('JA0175', 'VI0085', 'JO0016', 'EM0004', '2026-05-23', '2026-05-23', '2026-05-24', 'C', 80333.95, NULL);
INSERT INTO JOB_ASSIGNMENT (jobassign_id, visit_id, job_no, jobassign_assigned_by, jobassign_assign_dt, jobassign_start_dt, jobassign_complete_dt, jobassign_status, jobassign_cost, jobassign_notes) VALUES ('JA0176', 'VI0085', 'JO0003', 'EM0001', '2026-05-23', '2026-05-24', '2026-05-25', 'C', 15717.76, 'Routine service item.');
INSERT INTO JOB_ASSIGNMENT (jobassign_id, visit_id, job_no, jobassign_assigned_by, jobassign_assign_dt, jobassign_start_dt, jobassign_complete_dt, jobassign_status, jobassign_cost, jobassign_notes) VALUES ('JA0177', 'VI0085', 'JO0003', 'EM0005', '2026-05-23', '2026-05-25', '2026-05-25', 'C', 67055.62, 'Awaiting parts delivery.');
INSERT INTO JOB_ASSIGNMENT (jobassign_id, visit_id, job_no, jobassign_assigned_by, jobassign_assign_dt, jobassign_start_dt, jobassign_complete_dt, jobassign_status, jobassign_cost, jobassign_notes) VALUES ('JA0178', 'VI0086', 'JO0003', 'EM0003', '2025-07-18', '2025-07-19', '2025-07-23', 'C', 26405.87, 'Awaiting parts delivery.');
INSERT INTO JOB_ASSIGNMENT (jobassign_id, visit_id, job_no, jobassign_assigned_by, jobassign_assign_dt, jobassign_start_dt, jobassign_complete_dt, jobassign_status, jobassign_cost, jobassign_notes) VALUES ('JA0179', 'VI0087', 'JO0024', 'EM0002', '2025-06-11', '2025-06-13', '2025-06-15', 'C', 64830.65, NULL);
INSERT INTO JOB_ASSIGNMENT (jobassign_id, visit_id, job_no, jobassign_assigned_by, jobassign_assign_dt, jobassign_start_dt, jobassign_complete_dt, jobassign_status, jobassign_cost, jobassign_notes) VALUES ('JA0180', 'VI0087', 'JO0014', 'EM0003', '2025-06-11', '2025-06-12', '2025-06-16', 'C', 32767.45, 'Awaiting parts delivery.');
INSERT INTO JOB_ASSIGNMENT (jobassign_id, visit_id, job_no, jobassign_assigned_by, jobassign_assign_dt, jobassign_start_dt, jobassign_complete_dt, jobassign_status, jobassign_cost, jobassign_notes) VALUES ('JA0181', 'VI0088', 'JO0001', 'EM0002', '2025-12-15', '2025-12-15', '2025-12-15', 'C', 39221.93, NULL);
INSERT INTO JOB_ASSIGNMENT (jobassign_id, visit_id, job_no, jobassign_assigned_by, jobassign_assign_dt, jobassign_start_dt, jobassign_complete_dt, jobassign_status, jobassign_cost, jobassign_notes) VALUES ('JA0182', 'VI0088', 'JO0014', 'EM0002', '2025-12-15', '2025-12-16', '2025-12-16', 'C', 79017.55, 'Rescheduled at customer request.');
INSERT INTO JOB_ASSIGNMENT (jobassign_id, visit_id, job_no, jobassign_assigned_by, jobassign_assign_dt, jobassign_start_dt, jobassign_complete_dt, jobassign_status, jobassign_cost, jobassign_notes) VALUES ('JA0183', 'VI0089', 'JO0027', 'EM0001', '2025-08-29', '2025-08-29', '2025-09-02', 'C', 28867.28, 'Awaiting parts delivery.');
INSERT INTO JOB_ASSIGNMENT (jobassign_id, visit_id, job_no, jobassign_assigned_by, jobassign_assign_dt, jobassign_start_dt, jobassign_complete_dt, jobassign_status, jobassign_cost, jobassign_notes) VALUES ('JA0184', 'VI0089', 'JO0030', 'EM0005', '2025-08-29', '2025-08-31', '2025-09-03', 'C', 11855.04, 'Routine service item.');
INSERT INTO JOB_ASSIGNMENT (jobassign_id, visit_id, job_no, jobassign_assigned_by, jobassign_assign_dt, jobassign_start_dt, jobassign_complete_dt, jobassign_status, jobassign_cost, jobassign_notes) VALUES ('JA0185', 'VI0089', 'JO0006', 'EM0002', '2025-08-29', '2025-08-29', '2025-08-30', 'C', 52315.88, 'Follow-up from previous visit.');
INSERT INTO JOB_ASSIGNMENT (jobassign_id, visit_id, job_no, jobassign_assigned_by, jobassign_assign_dt, jobassign_start_dt, jobassign_complete_dt, jobassign_status, jobassign_cost, jobassign_notes) VALUES ('JA0186', 'VI0090', 'JO0011', 'EM0005', '2025-02-09', '2025-02-09', '2025-02-11', 'C', 15265.52, 'Follow-up from previous visit.');
INSERT INTO JOB_ASSIGNMENT (jobassign_id, visit_id, job_no, jobassign_assigned_by, jobassign_assign_dt, jobassign_start_dt, jobassign_complete_dt, jobassign_status, jobassign_cost, jobassign_notes) VALUES ('JA0187', 'VI0090', 'JO0001', 'EM0006', '2025-02-09', '2025-02-10', '2025-02-11', 'C', 31922.44, 'Awaiting parts delivery.');
INSERT INTO JOB_ASSIGNMENT (jobassign_id, visit_id, job_no, jobassign_assigned_by, jobassign_assign_dt, jobassign_start_dt, jobassign_complete_dt, jobassign_status, jobassign_cost, jobassign_notes) VALUES ('JA0188', 'VI0091', 'JO0002', 'EM0006', '2026-02-19', '2026-02-21', '2026-02-22', 'C', 22781.21, NULL);
INSERT INTO JOB_ASSIGNMENT (jobassign_id, visit_id, job_no, jobassign_assigned_by, jobassign_assign_dt, jobassign_start_dt, jobassign_complete_dt, jobassign_status, jobassign_cost, jobassign_notes) VALUES ('JA0189', 'VI0092', 'JO0027', 'EM0003', '2025-04-22', '2025-04-24', '2025-04-28', 'C', 32175.93, 'Awaiting parts delivery.');
INSERT INTO JOB_ASSIGNMENT (jobassign_id, visit_id, job_no, jobassign_assigned_by, jobassign_assign_dt, jobassign_start_dt, jobassign_complete_dt, jobassign_status, jobassign_cost, jobassign_notes) VALUES ('JA0190', 'VI0092', 'JO0006', 'EM0002', '2025-04-22', '2025-04-22', '2025-04-25', 'C', 18101.18, NULL);
INSERT INTO JOB_ASSIGNMENT (jobassign_id, visit_id, job_no, jobassign_assigned_by, jobassign_assign_dt, jobassign_start_dt, jobassign_complete_dt, jobassign_status, jobassign_cost, jobassign_notes) VALUES ('JA0191', 'VI0092', 'JO0027', 'EM0002', '2025-04-22', '2025-04-24', '2025-04-25', 'C', 12897.86, 'Routine service item.');
INSERT INTO JOB_ASSIGNMENT (jobassign_id, visit_id, job_no, jobassign_assigned_by, jobassign_assign_dt, jobassign_start_dt, jobassign_complete_dt, jobassign_status, jobassign_cost, jobassign_notes) VALUES ('JA0192', 'VI0093', 'JO0014', 'EM0002', '2026-03-04', '2026-03-05', '2026-03-05', 'C', 16665.40, 'Warranty claim submitted.');
INSERT INTO JOB_ASSIGNMENT (jobassign_id, visit_id, job_no, jobassign_assigned_by, jobassign_assign_dt, jobassign_start_dt, jobassign_complete_dt, jobassign_status, jobassign_cost, jobassign_notes) VALUES ('JA0193', 'VI0093', 'JO0015', 'EM0006', '2026-03-04', '2026-03-05', '2026-03-06', 'C', 75671.79, 'Customer waiting on site.');
INSERT INTO JOB_ASSIGNMENT (jobassign_id, visit_id, job_no, jobassign_assigned_by, jobassign_assign_dt, jobassign_start_dt, jobassign_complete_dt, jobassign_status, jobassign_cost, jobassign_notes) VALUES ('JA0194', 'VI0094', 'JO0005', 'EM0005', '2025-06-30', '2025-06-30', '2025-07-01', 'C', 30587.70, NULL);
INSERT INTO JOB_ASSIGNMENT (jobassign_id, visit_id, job_no, jobassign_assigned_by, jobassign_assign_dt, jobassign_start_dt, jobassign_complete_dt, jobassign_status, jobassign_cost, jobassign_notes) VALUES ('JA0195', 'VI0094', 'JO0018', 'EM0004', '2025-06-30', '2025-07-02', '2025-07-02', 'C', 72574.60, NULL);
INSERT INTO JOB_ASSIGNMENT (jobassign_id, visit_id, job_no, jobassign_assigned_by, jobassign_assign_dt, jobassign_start_dt, jobassign_complete_dt, jobassign_status, jobassign_cost, jobassign_notes) VALUES ('JA0196', 'VI0095', 'JO0024', 'EM0001', '2025-11-02', '2025-11-03', '2025-11-06', 'C', 35091.64, 'Follow-up from previous visit.');
INSERT INTO JOB_ASSIGNMENT (jobassign_id, visit_id, job_no, jobassign_assigned_by, jobassign_assign_dt, jobassign_start_dt, jobassign_complete_dt, jobassign_status, jobassign_cost, jobassign_notes) VALUES ('JA0197', 'VI0096', 'JO0030', 'EM0006', '2025-01-23', '2025-01-25', '2025-01-25', 'C', 3067.33, NULL);
INSERT INTO JOB_ASSIGNMENT (jobassign_id, visit_id, job_no, jobassign_assigned_by, jobassign_assign_dt, jobassign_start_dt, jobassign_complete_dt, jobassign_status, jobassign_cost, jobassign_notes) VALUES ('JA0198', 'VI0097', 'JO0016', 'EM0006', '2026-03-20', '2026-03-22', '2026-03-26', 'C', 54129.36, 'Routine service item.');
INSERT INTO JOB_ASSIGNMENT (jobassign_id, visit_id, job_no, jobassign_assigned_by, jobassign_assign_dt, jobassign_start_dt, jobassign_complete_dt, jobassign_status, jobassign_cost, jobassign_notes) VALUES ('JA0199', 'VI0097', 'JO0023', 'EM0001', '2026-03-20', '2026-03-21', '2026-03-24', 'C', 13499.15, 'Customer reported noise on braking.');
INSERT INTO JOB_ASSIGNMENT (jobassign_id, visit_id, job_no, jobassign_assigned_by, jobassign_assign_dt, jobassign_start_dt, jobassign_complete_dt, jobassign_status, jobassign_cost, jobassign_notes) VALUES ('JA0200', 'VI0098', 'JO0012', 'EM0003', '2025-06-05', '2025-06-05', '2025-06-08', 'C', 73478.99, 'Follow-up from previous visit.');
INSERT INTO JOB_ASSIGNMENT (jobassign_id, visit_id, job_no, jobassign_assigned_by, jobassign_assign_dt, jobassign_start_dt, jobassign_complete_dt, jobassign_status, jobassign_cost, jobassign_notes) VALUES ('JA0201', 'VI0098', 'JO0027', 'EM0001', '2025-06-05', '2025-06-06', '2025-06-06', 'C', 64081.18, NULL);
INSERT INTO JOB_ASSIGNMENT (jobassign_id, visit_id, job_no, jobassign_assigned_by, jobassign_assign_dt, jobassign_start_dt, jobassign_complete_dt, jobassign_status, jobassign_cost, jobassign_notes) VALUES ('JA0202', 'VI0098', 'JO0021', 'EM0005', '2025-06-05', '2025-06-05', '2025-06-09', 'C', 71165.50, 'Warranty claim submitted.');
INSERT INTO JOB_ASSIGNMENT (jobassign_id, visit_id, job_no, jobassign_assigned_by, jobassign_assign_dt, jobassign_start_dt, jobassign_complete_dt, jobassign_status, jobassign_cost, jobassign_notes) VALUES ('JA0203', 'VI0099', 'JO0015', 'EM0003', '2026-05-12', '2026-05-13', '2026-05-16', 'C', 75910.22, 'Parts ordered from main dealer.');
INSERT INTO JOB_ASSIGNMENT (jobassign_id, visit_id, job_no, jobassign_assigned_by, jobassign_assign_dt, jobassign_start_dt, jobassign_complete_dt, jobassign_status, jobassign_cost, jobassign_notes) VALUES ('JA0204', 'VI0100', 'JO0022', 'EM0006', '2025-08-06', '2025-08-06', '2025-08-09', 'C', 28596.07, 'Customer waiting on site.');
INSERT INTO JOB_ASSIGNMENT (jobassign_id, visit_id, job_no, jobassign_assigned_by, jobassign_assign_dt, jobassign_start_dt, jobassign_complete_dt, jobassign_status, jobassign_cost, jobassign_notes) VALUES ('JA0205', 'VI0101', 'JO0027', 'EM0001', '2026-04-03', '2026-04-04', '2026-04-05', 'C', 39895.91, 'Rescheduled at customer request.');
INSERT INTO JOB_ASSIGNMENT (jobassign_id, visit_id, job_no, jobassign_assigned_by, jobassign_assign_dt, jobassign_start_dt, jobassign_complete_dt, jobassign_status, jobassign_cost, jobassign_notes) VALUES ('JA0206', 'VI0101', 'JO0004', 'EM0006', '2026-04-03', '2026-04-03', '2026-04-07', 'C', 19488.35, 'Awaiting parts delivery.');
INSERT INTO JOB_ASSIGNMENT (jobassign_id, visit_id, job_no, jobassign_assigned_by, jobassign_assign_dt, jobassign_start_dt, jobassign_complete_dt, jobassign_status, jobassign_cost, jobassign_notes) VALUES ('JA0207', 'VI0101', 'JO0002', 'EM0001', '2026-04-03', '2026-04-05', '2026-04-08', 'C', 38422.93, 'Customer waiting on site.');
INSERT INTO JOB_ASSIGNMENT (jobassign_id, visit_id, job_no, jobassign_assigned_by, jobassign_assign_dt, jobassign_start_dt, jobassign_complete_dt, jobassign_status, jobassign_cost, jobassign_notes) VALUES ('JA0208', 'VI0102', 'JO0024', 'EM0006', '2025-09-03', '2025-09-04', '2025-09-06', 'C', 41475.48, NULL);
INSERT INTO JOB_ASSIGNMENT (jobassign_id, visit_id, job_no, jobassign_assigned_by, jobassign_assign_dt, jobassign_start_dt, jobassign_complete_dt, jobassign_status, jobassign_cost, jobassign_notes) VALUES ('JA0209', 'VI0102', 'JO0013', 'EM0002', '2025-09-03', '2025-09-05', '2025-09-05', 'C', 61635.00, NULL);
INSERT INTO JOB_ASSIGNMENT (jobassign_id, visit_id, job_no, jobassign_assigned_by, jobassign_assign_dt, jobassign_start_dt, jobassign_complete_dt, jobassign_status, jobassign_cost, jobassign_notes) VALUES ('JA0210', 'VI0103', 'JO0020', 'EM0005', '2025-11-30', '2025-12-02', '2025-12-02', 'C', 5395.59, NULL);
INSERT INTO JOB_ASSIGNMENT (jobassign_id, visit_id, job_no, jobassign_assigned_by, jobassign_assign_dt, jobassign_start_dt, jobassign_complete_dt, jobassign_status, jobassign_cost, jobassign_notes) VALUES ('JA0211', 'VI0104', 'JO0009', 'EM0002', '2026-02-17', NULL, NULL, 'P', NULL, NULL);
INSERT INTO JOB_ASSIGNMENT (jobassign_id, visit_id, job_no, jobassign_assigned_by, jobassign_assign_dt, jobassign_start_dt, jobassign_complete_dt, jobassign_status, jobassign_cost, jobassign_notes) VALUES ('JA0212', 'VI0105', 'JO0017', 'EM0006', '2025-02-23', NULL, NULL, 'P', NULL, 'Rescheduled at customer request.');
INSERT INTO JOB_ASSIGNMENT (jobassign_id, visit_id, job_no, jobassign_assigned_by, jobassign_assign_dt, jobassign_start_dt, jobassign_complete_dt, jobassign_status, jobassign_cost, jobassign_notes) VALUES ('JA0213', 'VI0105', 'JO0015', 'EM0004', '2025-02-23', NULL, NULL, 'P', NULL, 'Routine service item.');
INSERT INTO JOB_ASSIGNMENT (jobassign_id, visit_id, job_no, jobassign_assigned_by, jobassign_assign_dt, jobassign_start_dt, jobassign_complete_dt, jobassign_status, jobassign_cost, jobassign_notes) VALUES ('JA0214', 'VI0106', 'JO0021', 'EM0001', '2025-05-23', '2025-05-24', '2025-05-25', 'C', 56031.33, 'Warranty claim submitted.');
INSERT INTO JOB_ASSIGNMENT (jobassign_id, visit_id, job_no, jobassign_assigned_by, jobassign_assign_dt, jobassign_start_dt, jobassign_complete_dt, jobassign_status, jobassign_cost, jobassign_notes) VALUES ('JA0215', 'VI0107', 'JO0025', 'EM0004', '2026-05-11', '2026-05-13', '2026-05-15', 'C', 14042.08, NULL);
INSERT INTO JOB_ASSIGNMENT (jobassign_id, visit_id, job_no, jobassign_assigned_by, jobassign_assign_dt, jobassign_start_dt, jobassign_complete_dt, jobassign_status, jobassign_cost, jobassign_notes) VALUES ('JA0216', 'VI0107', 'JO0020', 'EM0002', '2026-05-11', '2026-05-12', '2026-05-15', 'C', 52924.21, 'Rescheduled at customer request.');
INSERT INTO JOB_ASSIGNMENT (jobassign_id, visit_id, job_no, jobassign_assigned_by, jobassign_assign_dt, jobassign_start_dt, jobassign_complete_dt, jobassign_status, jobassign_cost, jobassign_notes) VALUES ('JA0217', 'VI0108', 'JO0002', 'EM0003', '2026-02-08', '2026-02-09', '2026-02-09', 'C', 47828.72, 'Customer waiting on site.');
INSERT INTO JOB_ASSIGNMENT (jobassign_id, visit_id, job_no, jobassign_assigned_by, jobassign_assign_dt, jobassign_start_dt, jobassign_complete_dt, jobassign_status, jobassign_cost, jobassign_notes) VALUES ('JA0218', 'VI0108', 'JO0018', 'EM0004', '2026-02-08', '2026-02-10', '2026-02-11', 'C', 3815.03, 'Customer waiting on site.');
INSERT INTO JOB_ASSIGNMENT (jobassign_id, visit_id, job_no, jobassign_assigned_by, jobassign_assign_dt, jobassign_start_dt, jobassign_complete_dt, jobassign_status, jobassign_cost, jobassign_notes) VALUES ('JA0219', 'VI0109', 'JO0007', 'EM0006', '2025-07-24', NULL, NULL, 'P', NULL, 'Rescheduled at customer request.');
INSERT INTO JOB_ASSIGNMENT (jobassign_id, visit_id, job_no, jobassign_assigned_by, jobassign_assign_dt, jobassign_start_dt, jobassign_complete_dt, jobassign_status, jobassign_cost, jobassign_notes) VALUES ('JA0220', 'VI0109', 'JO0028', 'EM0006', '2025-07-24', NULL, NULL, 'P', NULL, NULL);
INSERT INTO JOB_ASSIGNMENT (jobassign_id, visit_id, job_no, jobassign_assigned_by, jobassign_assign_dt, jobassign_start_dt, jobassign_complete_dt, jobassign_status, jobassign_cost, jobassign_notes) VALUES ('JA0221', 'VI0110', 'JO0012', 'EM0002', '2026-01-15', '2026-01-16', '2026-01-20', 'C', 74894.11, 'Rescheduled at customer request.');
INSERT INTO JOB_ASSIGNMENT (jobassign_id, visit_id, job_no, jobassign_assigned_by, jobassign_assign_dt, jobassign_start_dt, jobassign_complete_dt, jobassign_status, jobassign_cost, jobassign_notes) VALUES ('JA0222', 'VI0111', 'JO0014', 'EM0005', '2026-07-01', '2026-07-01', '2026-07-03', 'C', 12705.59, 'Warranty claim submitted.');
INSERT INTO JOB_ASSIGNMENT (jobassign_id, visit_id, job_no, jobassign_assigned_by, jobassign_assign_dt, jobassign_start_dt, jobassign_complete_dt, jobassign_status, jobassign_cost, jobassign_notes) VALUES ('JA0223', 'VI0112', 'JO0003', 'EM0001', '2026-06-11', '2026-06-11', '2026-06-12', 'C', 78115.48, NULL);
INSERT INTO JOB_ASSIGNMENT (jobassign_id, visit_id, job_no, jobassign_assigned_by, jobassign_assign_dt, jobassign_start_dt, jobassign_complete_dt, jobassign_status, jobassign_cost, jobassign_notes) VALUES ('JA0224', 'VI0113', 'JO0007', 'EM0006', '2025-02-13', '2025-02-15', NULL, 'I', NULL, NULL);
INSERT INTO JOB_ASSIGNMENT (jobassign_id, visit_id, job_no, jobassign_assigned_by, jobassign_assign_dt, jobassign_start_dt, jobassign_complete_dt, jobassign_status, jobassign_cost, jobassign_notes) VALUES ('JA0225', 'VI0113', 'JO0011', 'EM0005', '2025-02-13', '2025-02-15', NULL, 'I', NULL, 'Rescheduled at customer request.');
INSERT INTO JOB_ASSIGNMENT (jobassign_id, visit_id, job_no, jobassign_assigned_by, jobassign_assign_dt, jobassign_start_dt, jobassign_complete_dt, jobassign_status, jobassign_cost, jobassign_notes) VALUES ('JA0226', 'VI0114', 'JO0028', 'EM0004', '2025-06-27', '2025-06-27', '2025-06-30', 'C', 60012.24, 'Rescheduled at customer request.');
INSERT INTO JOB_ASSIGNMENT (jobassign_id, visit_id, job_no, jobassign_assigned_by, jobassign_assign_dt, jobassign_start_dt, jobassign_complete_dt, jobassign_status, jobassign_cost, jobassign_notes) VALUES ('JA0227', 'VI0114', 'JO0017', 'EM0002', '2025-06-27', '2025-06-29', '2025-07-01', 'C', 78553.41, NULL);
INSERT INTO JOB_ASSIGNMENT (jobassign_id, visit_id, job_no, jobassign_assigned_by, jobassign_assign_dt, jobassign_start_dt, jobassign_complete_dt, jobassign_status, jobassign_cost, jobassign_notes) VALUES ('JA0228', 'VI0115', 'JO0014', 'EM0001', '2026-05-26', '2026-05-27', '2026-05-29', 'C', 48507.13, 'Awaiting parts delivery.');
INSERT INTO JOB_ASSIGNMENT (jobassign_id, visit_id, job_no, jobassign_assigned_by, jobassign_assign_dt, jobassign_start_dt, jobassign_complete_dt, jobassign_status, jobassign_cost, jobassign_notes) VALUES ('JA0229', 'VI0116', 'JO0005', 'EM0005', '2025-09-17', '2025-09-19', '2025-09-20', 'C', 50657.52, 'Parts ordered from main dealer.');
INSERT INTO JOB_ASSIGNMENT (jobassign_id, visit_id, job_no, jobassign_assigned_by, jobassign_assign_dt, jobassign_start_dt, jobassign_complete_dt, jobassign_status, jobassign_cost, jobassign_notes) VALUES ('JA0230', 'VI0116', 'JO0029', 'EM0004', '2025-09-17', '2025-09-19', '2025-09-22', 'C', 54630.68, 'Warranty claim submitted.');
INSERT INTO JOB_ASSIGNMENT (jobassign_id, visit_id, job_no, jobassign_assigned_by, jobassign_assign_dt, jobassign_start_dt, jobassign_complete_dt, jobassign_status, jobassign_cost, jobassign_notes) VALUES ('JA0231', 'VI0116', 'JO0002', 'EM0003', '2025-09-17', '2025-09-17', '2025-09-20', 'C', 9023.81, 'Awaiting parts delivery.');
INSERT INTO JOB_ASSIGNMENT (jobassign_id, visit_id, job_no, jobassign_assigned_by, jobassign_assign_dt, jobassign_start_dt, jobassign_complete_dt, jobassign_status, jobassign_cost, jobassign_notes) VALUES ('JA0232', 'VI0116', 'JO0004', 'EM0003', '2025-09-17', '2025-09-19', '2025-09-19', 'C', 54316.48, 'Routine service item.');
INSERT INTO JOB_ASSIGNMENT (jobassign_id, visit_id, job_no, jobassign_assigned_by, jobassign_assign_dt, jobassign_start_dt, jobassign_complete_dt, jobassign_status, jobassign_cost, jobassign_notes) VALUES ('JA0233', 'VI0117', 'JO0015', 'EM0004', '2026-03-31', '2026-03-31', '2026-04-01', 'C', 18150.56, 'Customer reported noise on braking.');
INSERT INTO JOB_ASSIGNMENT (jobassign_id, visit_id, job_no, jobassign_assigned_by, jobassign_assign_dt, jobassign_start_dt, jobassign_complete_dt, jobassign_status, jobassign_cost, jobassign_notes) VALUES ('JA0234', 'VI0117', 'JO0024', 'EM0006', '2026-03-31', '2026-03-31', '2026-03-31', 'C', 7009.29, 'Follow-up from previous visit.');
INSERT INTO JOB_ASSIGNMENT (jobassign_id, visit_id, job_no, jobassign_assigned_by, jobassign_assign_dt, jobassign_start_dt, jobassign_complete_dt, jobassign_status, jobassign_cost, jobassign_notes) VALUES ('JA0235', 'VI0118', 'JO0025', 'EM0002', '2025-11-24', '2025-11-26', '2025-11-29', 'C', 70407.79, 'Customer reported noise on braking.');
INSERT INTO JOB_ASSIGNMENT (jobassign_id, visit_id, job_no, jobassign_assigned_by, jobassign_assign_dt, jobassign_start_dt, jobassign_complete_dt, jobassign_status, jobassign_cost, jobassign_notes) VALUES ('JA0236', 'VI0119', 'JO0010', 'EM0002', '2025-12-25', '2025-12-25', '2025-12-28', 'C', 7400.89, 'Customer reported noise on braking.');
INSERT INTO JOB_ASSIGNMENT (jobassign_id, visit_id, job_no, jobassign_assigned_by, jobassign_assign_dt, jobassign_start_dt, jobassign_complete_dt, jobassign_status, jobassign_cost, jobassign_notes) VALUES ('JA0237', 'VI0119', 'JO0029', 'EM0004', '2025-12-25', '2025-12-25', '2025-12-28', 'C', 34301.66, NULL);
INSERT INTO JOB_ASSIGNMENT (jobassign_id, visit_id, job_no, jobassign_assigned_by, jobassign_assign_dt, jobassign_start_dt, jobassign_complete_dt, jobassign_status, jobassign_cost, jobassign_notes) VALUES ('JA0238', 'VI0119', 'JO0008', 'EM0003', '2025-12-25', '2025-12-27', '2025-12-28', 'C', 8475.77, 'Warranty claim submitted.');
INSERT INTO JOB_ASSIGNMENT (jobassign_id, visit_id, job_no, jobassign_assigned_by, jobassign_assign_dt, jobassign_start_dt, jobassign_complete_dt, jobassign_status, jobassign_cost, jobassign_notes) VALUES ('JA0239', 'VI0120', 'JO0019', 'EM0001', '2026-01-27', '2026-01-27', '2026-01-28', 'C', 61682.58, NULL);
INSERT INTO JOB_ASSIGNMENT (jobassign_id, visit_id, job_no, jobassign_assigned_by, jobassign_assign_dt, jobassign_start_dt, jobassign_complete_dt, jobassign_status, jobassign_cost, jobassign_notes) VALUES ('JA0240', 'VI0120', 'JO0025', 'EM0001', '2026-01-27', '2026-01-28', '2026-01-28', 'C', 75196.87, NULL);
INSERT INTO JOB_ASSIGNMENT (jobassign_id, visit_id, job_no, jobassign_assigned_by, jobassign_assign_dt, jobassign_start_dt, jobassign_complete_dt, jobassign_status, jobassign_cost, jobassign_notes) VALUES ('JA0241', 'VI0121', 'JO0004', 'EM0001', '2026-02-09', '2026-02-10', '2026-02-12', 'C', 2986.20, NULL);
INSERT INTO JOB_ASSIGNMENT (jobassign_id, visit_id, job_no, jobassign_assigned_by, jobassign_assign_dt, jobassign_start_dt, jobassign_complete_dt, jobassign_status, jobassign_cost, jobassign_notes) VALUES ('JA0242', 'VI0121', 'JO0021', 'EM0002', '2026-02-09', '2026-02-11', '2026-02-12', 'C', 49461.47, 'Warranty claim submitted.');
INSERT INTO JOB_ASSIGNMENT (jobassign_id, visit_id, job_no, jobassign_assigned_by, jobassign_assign_dt, jobassign_start_dt, jobassign_complete_dt, jobassign_status, jobassign_cost, jobassign_notes) VALUES ('JA0243', 'VI0121', 'JO0014', 'EM0003', '2026-02-09', '2026-02-11', '2026-02-14', 'C', 58689.73, 'Follow-up from previous visit.');
INSERT INTO JOB_ASSIGNMENT (jobassign_id, visit_id, job_no, jobassign_assigned_by, jobassign_assign_dt, jobassign_start_dt, jobassign_complete_dt, jobassign_status, jobassign_cost, jobassign_notes) VALUES ('JA0244', 'VI0121', 'JO0019', 'EM0005', '2026-02-09', '2026-02-11', '2026-02-13', 'C', 43240.29, NULL);
INSERT INTO JOB_ASSIGNMENT (jobassign_id, visit_id, job_no, jobassign_assigned_by, jobassign_assign_dt, jobassign_start_dt, jobassign_complete_dt, jobassign_status, jobassign_cost, jobassign_notes) VALUES ('JA0245', 'VI0122', 'JO0019', 'EM0001', '2026-01-13', '2026-01-13', '2026-01-17', 'C', 56676.31, 'Warranty claim submitted.');
INSERT INTO JOB_ASSIGNMENT (jobassign_id, visit_id, job_no, jobassign_assigned_by, jobassign_assign_dt, jobassign_start_dt, jobassign_complete_dt, jobassign_status, jobassign_cost, jobassign_notes) VALUES ('JA0246', 'VI0123', 'JO0011', 'EM0004', '2025-06-27', '2025-06-27', '2025-06-29', 'C', 78636.43, 'Warranty claim submitted.');
INSERT INTO JOB_ASSIGNMENT (jobassign_id, visit_id, job_no, jobassign_assigned_by, jobassign_assign_dt, jobassign_start_dt, jobassign_complete_dt, jobassign_status, jobassign_cost, jobassign_notes) VALUES ('JA0247', 'VI0123', 'JO0019', 'EM0002', '2025-06-27', '2025-06-28', '2025-06-28', 'C', 16656.23, NULL);
INSERT INTO JOB_ASSIGNMENT (jobassign_id, visit_id, job_no, jobassign_assigned_by, jobassign_assign_dt, jobassign_start_dt, jobassign_complete_dt, jobassign_status, jobassign_cost, jobassign_notes) VALUES ('JA0248', 'VI0124', 'JO0007', 'EM0003', '2026-06-10', '2026-06-10', '2026-06-11', 'C', 48106.56, 'Customer reported noise on braking.');
INSERT INTO JOB_ASSIGNMENT (jobassign_id, visit_id, job_no, jobassign_assigned_by, jobassign_assign_dt, jobassign_start_dt, jobassign_complete_dt, jobassign_status, jobassign_cost, jobassign_notes) VALUES ('JA0249', 'VI0124', 'JO0028', 'EM0003', '2026-06-10', '2026-06-12', '2026-06-12', 'C', 75852.58, 'Routine service item.');
INSERT INTO JOB_ASSIGNMENT (jobassign_id, visit_id, job_no, jobassign_assigned_by, jobassign_assign_dt, jobassign_start_dt, jobassign_complete_dt, jobassign_status, jobassign_cost, jobassign_notes) VALUES ('JA0250', 'VI0124', 'JO0002', 'EM0001', '2026-06-10', '2026-06-11', '2026-06-11', 'C', 48390.36, 'Parts ordered from main dealer.');
INSERT INTO JOB_ASSIGNMENT (jobassign_id, visit_id, job_no, jobassign_assigned_by, jobassign_assign_dt, jobassign_start_dt, jobassign_complete_dt, jobassign_status, jobassign_cost, jobassign_notes) VALUES ('JA0251', 'VI0125', 'JO0004', 'EM0003', '2026-04-06', '2026-04-07', '2026-04-10', 'C', 66273.26, 'Routine service item.');
INSERT INTO JOB_ASSIGNMENT (jobassign_id, visit_id, job_no, jobassign_assigned_by, jobassign_assign_dt, jobassign_start_dt, jobassign_complete_dt, jobassign_status, jobassign_cost, jobassign_notes) VALUES ('JA0252', 'VI0125', 'JO0012', 'EM0004', '2026-04-06', '2026-04-08', '2026-04-08', 'C', 80700.64, 'Rescheduled at customer request.');
INSERT INTO JOB_ASSIGNMENT (jobassign_id, visit_id, job_no, jobassign_assigned_by, jobassign_assign_dt, jobassign_start_dt, jobassign_complete_dt, jobassign_status, jobassign_cost, jobassign_notes) VALUES ('JA0253', 'VI0126', 'JO0025', 'EM0001', '2025-07-11', '2025-07-11', '2025-07-11', 'C', 39414.77, 'Customer reported noise on braking.');
INSERT INTO JOB_ASSIGNMENT (jobassign_id, visit_id, job_no, jobassign_assigned_by, jobassign_assign_dt, jobassign_start_dt, jobassign_complete_dt, jobassign_status, jobassign_cost, jobassign_notes) VALUES ('JA0254', 'VI0126', 'JO0017', 'EM0001', '2025-07-11', '2025-07-12', '2025-07-14', 'C', 44587.48, 'Rescheduled at customer request.');
INSERT INTO JOB_ASSIGNMENT (jobassign_id, visit_id, job_no, jobassign_assigned_by, jobassign_assign_dt, jobassign_start_dt, jobassign_complete_dt, jobassign_status, jobassign_cost, jobassign_notes) VALUES ('JA0255', 'VI0127', 'JO0018', 'EM0002', '2025-06-29', '2025-06-29', '2025-07-01', 'C', 55081.17, NULL);
INSERT INTO JOB_ASSIGNMENT (jobassign_id, visit_id, job_no, jobassign_assigned_by, jobassign_assign_dt, jobassign_start_dt, jobassign_complete_dt, jobassign_status, jobassign_cost, jobassign_notes) VALUES ('JA0256', 'VI0127', 'JO0029', 'EM0002', '2025-06-29', '2025-07-01', '2025-07-01', 'C', 7638.98, 'Parts ordered from main dealer.');
INSERT INTO JOB_ASSIGNMENT (jobassign_id, visit_id, job_no, jobassign_assigned_by, jobassign_assign_dt, jobassign_start_dt, jobassign_complete_dt, jobassign_status, jobassign_cost, jobassign_notes) VALUES ('JA0257', 'VI0127', 'JO0021', 'EM0005', '2025-06-29', '2025-06-30', '2025-07-01', 'C', 49834.51, 'Customer reported noise on braking.');
INSERT INTO JOB_ASSIGNMENT (jobassign_id, visit_id, job_no, jobassign_assigned_by, jobassign_assign_dt, jobassign_start_dt, jobassign_complete_dt, jobassign_status, jobassign_cost, jobassign_notes) VALUES ('JA0258', 'VI0128', 'JO0024', 'EM0005', '2025-08-23', '2025-08-25', '2025-08-28', 'C', 68619.71, NULL);
INSERT INTO JOB_ASSIGNMENT (jobassign_id, visit_id, job_no, jobassign_assigned_by, jobassign_assign_dt, jobassign_start_dt, jobassign_complete_dt, jobassign_status, jobassign_cost, jobassign_notes) VALUES ('JA0259', 'VI0129', 'JO0030', 'EM0004', '2025-12-07', '2025-12-07', '2025-12-10', 'C', 8277.16, 'Customer reported noise on braking.');
INSERT INTO JOB_ASSIGNMENT (jobassign_id, visit_id, job_no, jobassign_assigned_by, jobassign_assign_dt, jobassign_start_dt, jobassign_complete_dt, jobassign_status, jobassign_cost, jobassign_notes) VALUES ('JA0260', 'VI0129', 'JO0008', 'EM0005', '2025-12-07', '2025-12-07', '2025-12-10', 'C', 13410.28, NULL);
INSERT INTO JOB_ASSIGNMENT (jobassign_id, visit_id, job_no, jobassign_assigned_by, jobassign_assign_dt, jobassign_start_dt, jobassign_complete_dt, jobassign_status, jobassign_cost, jobassign_notes) VALUES ('JA0261', 'VI0130', 'JO0014', 'EM0001', '2026-01-26', '2026-01-26', '2026-01-27', 'C', 66025.68, NULL);

-- Realign sequences so future inserts continue after the seeded keys.
SELECT setval('employee_seq', 20, true);
SELECT setval('job_seq', 30, true);
SELECT setval('customer_seq', 60, true);
SELECT setval('vehicle_seq', 88, true);
SELECT setval('vehicle_visit_seq', 130, true);
SELECT setval('job_assignment_seq', 261, true);
