-- =====================================================
-- File:        test_data.sql
-- Purpose:     Seed data for PrimeAutocare.
--              Generated; keys are explicit so FKs stay stable.
-- Created:     2026-07-23
-- =====================================================
-- All employees share the development password: Passw0rd!

TRUNCATE PAYMENT, INVOICE, JOBS, ATTENDANCE, VEHICLE, CUSTOMER, JOB, EMPLOYEE RESTART IDENTITY CASCADE;

-- EMPLOYEE (30, including a fixed admin/admin123 login)
INSERT INTO EMPLOYEE (emp_no, emp_gname, emp_fname, emp_phone, emp_email, emp_username, emp_passhash, emp_role, emp_create_dt, emp_hourly_rate) VALUES ('EM0000', 'Admin', 'User', '+94770000001', 'admin@primeauto.lk', 'admin', '$2b$12$oAiy/dprDOPkqv8xBzHrSOXYFEhvSEcaCw6wc.93CWQxkKBE2g7uy', 'A', '2026-07-23', 5000.00);
INSERT INTO EMPLOYEE (emp_no, emp_gname, emp_fname, emp_phone, emp_email, emp_username, emp_passhash, emp_role, emp_create_dt, emp_hourly_rate) VALUES ('EM0001', 'Jessica', 'Mitchell', '+94775667265', 'j.mitchell@primeauto.lk', 'jmitchell', '$2b$12$w5QQJvxcln3Nb94hspXr1erC/.Wbz0Ms2iNN.njbSHj6MEf7MdH9W', 'T', '2026-04-08', 1459.66);
INSERT INTO EMPLOYEE (emp_no, emp_gname, emp_fname, emp_phone, emp_email, emp_username, emp_passhash, emp_role, emp_create_dt, emp_hourly_rate) VALUES ('EM0002', 'Robert', 'King', '+94778090293', 'r.king@primeauto.lk', 'rking', '$2b$12$w5QQJvxcln3Nb94hspXr1erC/.Wbz0Ms2iNN.njbSHj6MEf7MdH9W', 'T', '2024-12-14', 2063.49);
INSERT INTO EMPLOYEE (emp_no, emp_gname, emp_fname, emp_phone, emp_email, emp_username, emp_passhash, emp_role, emp_create_dt, emp_hourly_rate) VALUES ('EM0003', 'Richard', 'Foster', '+94772714803', 'r.foster@primeauto.lk', 'rfoster', '$2b$12$w5QQJvxcln3Nb94hspXr1erC/.Wbz0Ms2iNN.njbSHj6MEf7MdH9W', 'T', '2024-04-04', 1643.96);
INSERT INTO EMPLOYEE (emp_no, emp_gname, emp_fname, emp_phone, emp_email, emp_username, emp_passhash, emp_role, emp_create_dt, emp_hourly_rate) VALUES ('EM0004', 'Christopher', 'Bryant', '+94775437923', 'c.bryant@primeauto.lk', 'cbryant', '$2b$12$w5QQJvxcln3Nb94hspXr1erC/.Wbz0Ms2iNN.njbSHj6MEf7MdH9W', 'T', '2026-04-06', 1424.83);
INSERT INTO EMPLOYEE (emp_no, emp_gname, emp_fname, emp_phone, emp_email, emp_username, emp_passhash, emp_role, emp_create_dt, emp_hourly_rate) VALUES ('EM0005', 'Cynthia', 'Richardson', '+94777350753', 'c.richardson@primeauto.lk', 'crichardson', '$2b$12$w5QQJvxcln3Nb94hspXr1erC/.Wbz0Ms2iNN.njbSHj6MEf7MdH9W', 'T', '2024-03-21', 1918.52);
INSERT INTO EMPLOYEE (emp_no, emp_gname, emp_fname, emp_phone, emp_email, emp_username, emp_passhash, emp_role, emp_create_dt, emp_hourly_rate) VALUES ('EM0006', 'Helen', 'Stewart', '+94777067228', 'h.stewart@primeauto.lk', 'hstewart', '$2b$12$w5QQJvxcln3Nb94hspXr1erC/.Wbz0Ms2iNN.njbSHj6MEf7MdH9W', 'T', '2025-08-14', 1961.26);
INSERT INTO EMPLOYEE (emp_no, emp_gname, emp_fname, emp_phone, emp_email, emp_username, emp_passhash, emp_role, emp_create_dt, emp_hourly_rate) VALUES ('EM0007', 'Brenda', 'Allen', '+94775855124', 'b.allen@primeauto.lk', 'ballen', '$2b$12$w5QQJvxcln3Nb94hspXr1erC/.Wbz0Ms2iNN.njbSHj6MEf7MdH9W', 'T', '2024-03-22', 1680.13);
INSERT INTO EMPLOYEE (emp_no, emp_gname, emp_fname, emp_phone, emp_email, emp_username, emp_passhash, emp_role, emp_create_dt, emp_hourly_rate) VALUES ('EM0008', 'Angela', 'Long', '+94778606962', 'a.long@primeauto.lk', 'along', '$2b$12$w5QQJvxcln3Nb94hspXr1erC/.Wbz0Ms2iNN.njbSHj6MEf7MdH9W', 'T', '2025-10-12', 1655.27);
INSERT INTO EMPLOYEE (emp_no, emp_gname, emp_fname, emp_phone, emp_email, emp_username, emp_passhash, emp_role, emp_create_dt, emp_hourly_rate) VALUES ('EM0009', 'Nancy', 'Lee', '+94775479144', 'n.lee@primeauto.lk', 'nlee', '$2b$12$w5QQJvxcln3Nb94hspXr1erC/.Wbz0Ms2iNN.njbSHj6MEf7MdH9W', 'T', '2025-12-19', 1909.13);
INSERT INTO EMPLOYEE (emp_no, emp_gname, emp_fname, emp_phone, emp_email, emp_username, emp_passhash, emp_role, emp_create_dt, emp_hourly_rate) VALUES ('EM0010', 'Pamela', 'Garcia', '+94773871230', 'p.garcia@primeauto.lk', 'pgarcia', '$2b$12$w5QQJvxcln3Nb94hspXr1erC/.Wbz0Ms2iNN.njbSHj6MEf7MdH9W', 'T', '2025-06-30', 1679.46);
INSERT INTO EMPLOYEE (emp_no, emp_gname, emp_fname, emp_phone, emp_email, emp_username, emp_passhash, emp_role, emp_create_dt, emp_hourly_rate) VALUES ('EM0011', 'Stephanie', 'Baker', '+94774684531', 's.baker@primeauto.lk', 'sbaker', '$2b$12$w5QQJvxcln3Nb94hspXr1erC/.Wbz0Ms2iNN.njbSHj6MEf7MdH9W', 'T', '2025-12-02', 1355.94);
INSERT INTO EMPLOYEE (emp_no, emp_gname, emp_fname, emp_phone, emp_email, emp_username, emp_passhash, emp_role, emp_create_dt, emp_hourly_rate) VALUES ('EM0012', 'Carol', 'Murray', '+94771538552', 'c.murray@primeauto.lk', 'cmurray', '$2b$12$w5QQJvxcln3Nb94hspXr1erC/.Wbz0Ms2iNN.njbSHj6MEf7MdH9W', 'T', '2026-04-04', 1510.98);
INSERT INTO EMPLOYEE (emp_no, emp_gname, emp_fname, emp_phone, emp_email, emp_username, emp_passhash, emp_role, emp_create_dt, emp_hourly_rate) VALUES ('EM0013', 'Steven', 'Martin', '+94776279418', 's.martin@primeauto.lk', 'smartin', '$2b$12$w5QQJvxcln3Nb94hspXr1erC/.Wbz0Ms2iNN.njbSHj6MEf7MdH9W', 'T', '2024-08-05', 2214.55);
INSERT INTO EMPLOYEE (emp_no, emp_gname, emp_fname, emp_phone, emp_email, emp_username, emp_passhash, emp_role, emp_create_dt, emp_hourly_rate) VALUES ('EM0014', 'Dorothy', 'Rogers', '+94778698256', 'd.rogers@primeauto.lk', 'drogers', '$2b$12$w5QQJvxcln3Nb94hspXr1erC/.Wbz0Ms2iNN.njbSHj6MEf7MdH9W', 'T', '2024-05-26', 1861.37);
INSERT INTO EMPLOYEE (emp_no, emp_gname, emp_fname, emp_phone, emp_email, emp_username, emp_passhash, emp_role, emp_create_dt, emp_hourly_rate) VALUES ('EM0015', 'Melissa', 'Green', '+94775408072', 'm.green@primeauto.lk', 'mgreen', '$2b$12$w5QQJvxcln3Nb94hspXr1erC/.Wbz0Ms2iNN.njbSHj6MEf7MdH9W', 'T', '2026-02-03', 1699.4);
INSERT INTO EMPLOYEE (emp_no, emp_gname, emp_fname, emp_phone, emp_email, emp_username, emp_passhash, emp_role, emp_create_dt, emp_hourly_rate) VALUES ('EM0016', 'Matthew', 'Reed', '+94774679591', 'm.reed@primeauto.lk', 'mreed', '$2b$12$w5QQJvxcln3Nb94hspXr1erC/.Wbz0Ms2iNN.njbSHj6MEf7MdH9W', 'T', '2024-05-21', 1347.12);
INSERT INTO EMPLOYEE (emp_no, emp_gname, emp_fname, emp_phone, emp_email, emp_username, emp_passhash, emp_role, emp_create_dt, emp_hourly_rate) VALUES ('EM0017', 'Kathleen', 'Russell', '+94772839607', 'k.russell@primeauto.lk', 'krussell', '$2b$12$w5QQJvxcln3Nb94hspXr1erC/.Wbz0Ms2iNN.njbSHj6MEf7MdH9W', 'A', '2024-06-05', 4627.45);
INSERT INTO EMPLOYEE (emp_no, emp_gname, emp_fname, emp_phone, emp_email, emp_username, emp_passhash, emp_role, emp_create_dt, emp_hourly_rate) VALUES ('EM0018', 'Michael', 'Cook', '+94772065818', 'm.cook@primeauto.lk', 'mcook', '$2b$12$w5QQJvxcln3Nb94hspXr1erC/.Wbz0Ms2iNN.njbSHj6MEf7MdH9W', 'T', '2025-01-29', 1829.11);
INSERT INTO EMPLOYEE (emp_no, emp_gname, emp_fname, emp_phone, emp_email, emp_username, emp_passhash, emp_role, emp_create_dt, emp_hourly_rate) VALUES ('EM0019', 'Michelle', 'Murphy', '+94771192619', 'm.murphy@primeauto.lk', 'mmurphy', '$2b$12$w5QQJvxcln3Nb94hspXr1erC/.Wbz0Ms2iNN.njbSHj6MEf7MdH9W', 'S', '2025-11-27', 2977.2);
INSERT INTO EMPLOYEE (emp_no, emp_gname, emp_fname, emp_phone, emp_email, emp_username, emp_passhash, emp_role, emp_create_dt, emp_hourly_rate) VALUES ('EM0020', 'Anthony', 'Ward', '+94775476583', 'a.ward@primeauto.lk', 'award', '$2b$12$w5QQJvxcln3Nb94hspXr1erC/.Wbz0Ms2iNN.njbSHj6MEf7MdH9W', 'T', '2026-02-26', 1734.77);
INSERT INTO EMPLOYEE (emp_no, emp_gname, emp_fname, emp_phone, emp_email, emp_username, emp_passhash, emp_role, emp_create_dt, emp_hourly_rate) VALUES ('EM0021', 'Laura', 'Ross', '+94778612220', 'l.ross@primeauto.lk', 'lross', '$2b$12$w5QQJvxcln3Nb94hspXr1erC/.Wbz0Ms2iNN.njbSHj6MEf7MdH9W', 'T', '2024-01-04', 1563.39);
INSERT INTO EMPLOYEE (emp_no, emp_gname, emp_fname, emp_phone, emp_email, emp_username, emp_passhash, emp_role, emp_create_dt, emp_hourly_rate) VALUES ('EM0022', 'Kevin', 'Harris', '+94779398441', 'k.harris@primeauto.lk', 'kharris', '$2b$12$w5QQJvxcln3Nb94hspXr1erC/.Wbz0Ms2iNN.njbSHj6MEf7MdH9W', 'T', '2026-02-19', 2170.52);
INSERT INTO EMPLOYEE (emp_no, emp_gname, emp_fname, emp_phone, emp_email, emp_username, emp_passhash, emp_role, emp_create_dt, emp_hourly_rate) VALUES ('EM0023', 'Sharon', 'Morris', '+94776007072', 's.morris@primeauto.lk', 'smorris', '$2b$12$w5QQJvxcln3Nb94hspXr1erC/.Wbz0Ms2iNN.njbSHj6MEf7MdH9W', 'T', '2026-05-11', 1452.84);
INSERT INTO EMPLOYEE (emp_no, emp_gname, emp_fname, emp_phone, emp_email, emp_username, emp_passhash, emp_role, emp_create_dt, emp_hourly_rate) VALUES ('EM0024', 'Brian', 'Rogers', '+94773710343', 'b.rogers@primeauto.lk', 'brogers', '$2b$12$w5QQJvxcln3Nb94hspXr1erC/.Wbz0Ms2iNN.njbSHj6MEf7MdH9W', 'T', '2025-07-06', 2218.49);
INSERT INTO EMPLOYEE (emp_no, emp_gname, emp_fname, emp_phone, emp_email, emp_username, emp_passhash, emp_role, emp_create_dt, emp_hourly_rate) VALUES ('EM0025', 'Amy', 'Price', '+94776438436', 'a.price@primeauto.lk', 'aprice', '$2b$12$w5QQJvxcln3Nb94hspXr1erC/.Wbz0Ms2iNN.njbSHj6MEf7MdH9W', 'T', '2025-05-15', 2178.72);
INSERT INTO EMPLOYEE (emp_no, emp_gname, emp_fname, emp_phone, emp_email, emp_username, emp_passhash, emp_role, emp_create_dt, emp_hourly_rate) VALUES ('EM0026', 'Jason', 'Collins', '+94776159230', 'j.collins@primeauto.lk', 'jcollins', '$2b$12$w5QQJvxcln3Nb94hspXr1erC/.Wbz0Ms2iNN.njbSHj6MEf7MdH9W', 'T', '2024-09-02', 2246.95);
INSERT INTO EMPLOYEE (emp_no, emp_gname, emp_fname, emp_phone, emp_email, emp_username, emp_passhash, emp_role, emp_create_dt, emp_hourly_rate) VALUES ('EM0027', 'Deborah', 'Johnson', '+94772437026', 'd.johnson@primeauto.lk', 'djohnson', '$2b$12$w5QQJvxcln3Nb94hspXr1erC/.Wbz0Ms2iNN.njbSHj6MEf7MdH9W', 'A', '2026-01-19', 4485.99);
INSERT INTO EMPLOYEE (emp_no, emp_gname, emp_fname, emp_phone, emp_email, emp_username, emp_passhash, emp_role, emp_create_dt, emp_hourly_rate) VALUES ('EM0028', 'Ronald', 'Carter', '+94773109911', 'r.carter@primeauto.lk', 'rcarter', '$2b$12$w5QQJvxcln3Nb94hspXr1erC/.Wbz0Ms2iNN.njbSHj6MEf7MdH9W', 'S', '2024-05-11', 3162.79);
INSERT INTO EMPLOYEE (emp_no, emp_gname, emp_fname, emp_phone, emp_email, emp_username, emp_passhash, emp_role, emp_create_dt, emp_hourly_rate) VALUES ('EM0029', 'Rachel', 'Bell', '+94779852897', 'r.bell@primeauto.lk', 'rbell', '$2b$12$w5QQJvxcln3Nb94hspXr1erC/.Wbz0Ms2iNN.njbSHj6MEf7MdH9W', 'T', '2026-06-12', 2228.91);

-- JOB (job type catalog) (30)
INSERT INTO JOB (job_no, job_desc) VALUES ('JO0001', 'Engine Oil and Filter Change');
INSERT INTO JOB (job_no, job_desc) VALUES ('JO0002', 'Tyre Rotation and Balancing');
INSERT INTO JOB (job_no, job_desc) VALUES ('JO0003', 'Wheel Alignment');
INSERT INTO JOB (job_no, job_desc) VALUES ('JO0004', 'Brake Pad Replacement');
INSERT INTO JOB (job_no, job_desc) VALUES ('JO0005', 'Brake Disc Skimming');
INSERT INTO JOB (job_no, job_desc) VALUES ('JO0006', 'Battery Test and Replacement');
INSERT INTO JOB (job_no, job_desc) VALUES ('JO0007', 'Air Filter Replacement');
INSERT INTO JOB (job_no, job_desc) VALUES ('JO0008', 'Cabin Filter Replacement');
INSERT INTO JOB (job_no, job_desc) VALUES ('JO0009', 'Spark Plug Replacement');
INSERT INTO JOB (job_no, job_desc) VALUES ('JO0010', 'Timing Belt Replacement');
INSERT INTO JOB (job_no, job_desc) VALUES ('JO0011', 'Coolant Flush and Refill');
INSERT INTO JOB (job_no, job_desc) VALUES ('JO0012', 'Transmission Fluid Service');
INSERT INTO JOB (job_no, job_desc) VALUES ('JO0013', 'Clutch Inspection and Adjustment');
INSERT INTO JOB (job_no, job_desc) VALUES ('JO0014', 'Suspension Strut Replacement');
INSERT INTO JOB (job_no, job_desc) VALUES ('JO0015', 'Shock Absorber Replacement');
INSERT INTO JOB (job_no, job_desc) VALUES ('JO0016', 'Exhaust System Repair');
INSERT INTO JOB (job_no, job_desc) VALUES ('JO0017', 'Radiator Repair');
INSERT INTO JOB (job_no, job_desc) VALUES ('JO0018', 'Air Conditioning Regas');
INSERT INTO JOB (job_no, job_desc) VALUES ('JO0019', 'AC Compressor Repair');
INSERT INTO JOB (job_no, job_desc) VALUES ('JO0020', 'Alternator Replacement');
INSERT INTO JOB (job_no, job_desc) VALUES ('JO0021', 'Starter Motor Repair');
INSERT INTO JOB (job_no, job_desc) VALUES ('JO0022', 'Headlight Alignment');
INSERT INTO JOB (job_no, job_desc) VALUES ('JO0023', 'Windscreen Wiper Replacement');
INSERT INTO JOB (job_no, job_desc) VALUES ('JO0024', 'Full Vehicle Diagnostic Scan');
INSERT INTO JOB (job_no, job_desc) VALUES ('JO0025', 'Annual Service Inspection');
INSERT INTO JOB (job_no, job_desc) VALUES ('JO0026', 'Emission Test and Certification');
INSERT INTO JOB (job_no, job_desc) VALUES ('JO0027', 'Power Steering Fluid Service');
INSERT INTO JOB (job_no, job_desc) VALUES ('JO0028', 'Fuel Injector Cleaning');
INSERT INTO JOB (job_no, job_desc) VALUES ('JO0029', 'Differential Oil Change');
INSERT INTO JOB (job_no, job_desc) VALUES ('JO0030', 'Underbody Rust Treatment');

-- CUSTOMER (35)
INSERT INTO CUSTOMER (cust_no, cust_name, cust_phone, cust_email) VALUES ('CU0001', 'Margaret Scott', '+94774374754', 'margaret.scott1@example.com');
INSERT INTO CUSTOMER (cust_no, cust_name, cust_phone, cust_email) VALUES ('CU0002', 'Michael Smith', '+94776229731', 'michael.smith2@example.com');
INSERT INTO CUSTOMER (cust_no, cust_name, cust_phone, cust_email) VALUES ('CU0003', 'Rebecca Morgan', '+94777693979', 'rebecca.morgan3@example.com');
INSERT INTO CUSTOMER (cust_no, cust_name, cust_phone, cust_email) VALUES ('CU0004', 'Jonathan Nelson', '+94777264956', 'jonathan.nelson4@example.com');
INSERT INTO CUSTOMER (cust_no, cust_name, cust_phone, cust_email) VALUES ('CU0005', 'Susan Peterson', '+94778350099', 'susan.peterson5@example.com');
INSERT INTO CUSTOMER (cust_no, cust_name, cust_phone, cust_email) VALUES ('CU0006', 'Jason Wilson', '+94779683481', 'jason.wilson6@example.com');
INSERT INTO CUSTOMER (cust_no, cust_name, cust_phone, cust_email) VALUES ('CU0007', 'Richard Moore', '+94778574680', 'richard.moore7@example.com');
INSERT INTO CUSTOMER (cust_no, cust_name, cust_phone, cust_email) VALUES ('CU0008', 'Pamela Howard', '+94773030113', 'pamela.howard8@example.com');
INSERT INTO CUSTOMER (cust_no, cust_name, cust_phone, cust_email) VALUES ('CU0009', 'Kathleen Evans', '+94775159166', 'kathleen.evans9@example.com');
INSERT INTO CUSTOMER (cust_no, cust_name, cust_phone, cust_email) VALUES ('CU0010', 'Angela Miller', '+94774769795', 'angela.miller10@example.com');
INSERT INTO CUSTOMER (cust_no, cust_name, cust_phone, cust_email) VALUES ('CU0011', 'Anna Green', '+94772074176', 'anna.green11@example.com');
INSERT INTO CUSTOMER (cust_no, cust_name, cust_phone, cust_email) VALUES ('CU0012', 'Richard Roberts', '+94776672134', 'richard.roberts12@example.com');
INSERT INTO CUSTOMER (cust_no, cust_name, cust_phone, cust_email) VALUES ('CU0013', 'Mark Johnson', '+94771352896', 'mark.johnson13@example.com');
INSERT INTO CUSTOMER (cust_no, cust_name, cust_phone, cust_email) VALUES ('CU0014', 'Jason Wright', '+94774860684', 'jason.wright14@example.com');
INSERT INTO CUSTOMER (cust_no, cust_name, cust_phone, cust_email) VALUES ('CU0015', 'Donald Mitchell', '+94774694634', 'donald.mitchell15@example.com');
INSERT INTO CUSTOMER (cust_no, cust_name, cust_phone, cust_email) VALUES ('CU0016', 'Dorothy Jones', '+94771120642', 'dorothy.jones16@example.com');
INSERT INTO CUSTOMER (cust_no, cust_name, cust_phone, cust_email) VALUES ('CU0017', 'Anthony Miller', '+94772191066', 'anthony.miller17@example.com');
INSERT INTO CUSTOMER (cust_no, cust_name, cust_phone, cust_email) VALUES ('CU0018', 'Matthew Stewart', '+94771987737', 'matthew.stewart18@example.com');
INSERT INTO CUSTOMER (cust_no, cust_name, cust_phone, cust_email) VALUES ('CU0019', 'Dorothy Collins', '+94774841005', 'dorothy.collins19@example.com');
INSERT INTO CUSTOMER (cust_no, cust_name, cust_phone, cust_email) VALUES ('CU0020', 'Richard Smith', '+94772130789', 'richard.smith20@example.com');
INSERT INTO CUSTOMER (cust_no, cust_name, cust_phone, cust_email) VALUES ('CU0021', 'Kenneth Harris', '+94771527021', 'kenneth.harris21@example.com');
INSERT INTO CUSTOMER (cust_no, cust_name, cust_phone, cust_email) VALUES ('CU0022', 'Melissa Moore', '+94776543670', 'melissa.moore22@example.com');
INSERT INTO CUSTOMER (cust_no, cust_name, cust_phone, cust_email) VALUES ('CU0023', 'Anna Martin', '+94772188789', 'anna.martin23@example.com');
INSERT INTO CUSTOMER (cust_no, cust_name, cust_phone, cust_email) VALUES ('CU0024', 'Matthew Wilson', '+94779626108', 'matthew.wilson24@example.com');
INSERT INTO CUSTOMER (cust_no, cust_name, cust_phone, cust_email) VALUES ('CU0025', 'Elizabeth Reed', '+94774993055', 'elizabeth.reed25@example.com');
INSERT INTO CUSTOMER (cust_no, cust_name, cust_phone, cust_email) VALUES ('CU0026', 'David Harris', '+94775672073', 'david.harris26@example.com');
INSERT INTO CUSTOMER (cust_no, cust_name, cust_phone, cust_email) VALUES ('CU0027', 'Paul Cox', '+94779143903', 'paul.cox27@example.com');
INSERT INTO CUSTOMER (cust_no, cust_name, cust_phone, cust_email) VALUES ('CU0028', 'Steven Cook', '+94774594297', 'steven.cook28@example.com');
INSERT INTO CUSTOMER (cust_no, cust_name, cust_phone, cust_email) VALUES ('CU0029', 'John Parker', '+94773219824', 'john.parker29@example.com');
INSERT INTO CUSTOMER (cust_no, cust_name, cust_phone, cust_email) VALUES ('CU0030', 'Rebecca Walker', '+94778930103', 'rebecca.walker30@example.com');
INSERT INTO CUSTOMER (cust_no, cust_name, cust_phone, cust_email) VALUES ('CU0031', 'Paul Stewart', '+94775076817', 'paul.stewart31@example.com');
INSERT INTO CUSTOMER (cust_no, cust_name, cust_phone, cust_email) VALUES ('CU0032', 'Larry Allen', '+94778935169', 'larry.allen32@example.com');
INSERT INTO CUSTOMER (cust_no, cust_name, cust_phone, cust_email) VALUES ('CU0033', 'Sandra Peterson', '+94777829332', 'sandra.peterson33@example.com');
INSERT INTO CUSTOMER (cust_no, cust_name, cust_phone, cust_email) VALUES ('CU0034', 'Michael Cox', '+94774194548', 'michael.cox34@example.com');
INSERT INTO CUSTOMER (cust_no, cust_name, cust_phone, cust_email) VALUES ('CU0035', 'Paul Green', '+94772582524', 'paul.green35@example.com');

-- VEHICLE (40)
INSERT INTO VEHICLE (vehi_id, cust_no, vehi_license, vehi_make, vehi_model, vehi_year) VALUES ('VE0001', 'CU0004', 'CAP-8062', 'Honda', 'Jazz', 2018);
INSERT INTO VEHICLE (vehi_id, cust_no, vehi_license, vehi_make, vehi_model, vehi_year) VALUES ('VE0002', 'CU0013', 'CAP-1993', 'Kia', 'Sportage', 2008);
INSERT INTO VEHICLE (vehi_id, cust_no, vehi_license, vehi_make, vehi_model, vehi_year) VALUES ('VE0003', 'CU0016', 'KA-8350', 'Hyundai', 'Elantra', 2010);
INSERT INTO VEHICLE (vehi_id, cust_no, vehi_license, vehi_make, vehi_model, vehi_year) VALUES ('VE0004', 'CU0035', 'CAP-8260', 'BMW', '320i', 2006);
INSERT INTO VEHICLE (vehi_id, cust_no, vehi_license, vehi_make, vehi_model, vehi_year) VALUES ('VE0005', 'CU0014', 'WP-2528', 'Mitsubishi', 'Outlander', 2018);
INSERT INTO VEHICLE (vehi_id, cust_no, vehi_license, vehi_make, vehi_model, vehi_year) VALUES ('VE0006', NULL, 'CAB-1960', 'Hyundai', 'Elantra', 2005);
INSERT INTO VEHICLE (vehi_id, cust_no, vehi_license, vehi_make, vehi_model, vehi_year) VALUES ('VE0007', 'CU0032', 'BAC-8454', 'Ford', 'Ranger', 2022);
INSERT INTO VEHICLE (vehi_id, cust_no, vehi_license, vehi_make, vehi_model, vehi_year) VALUES ('VE0008', 'CU0035', 'PC-4111', 'Ford', 'Fiesta', 2006);
INSERT INTO VEHICLE (vehi_id, cust_no, vehi_license, vehi_make, vehi_model, vehi_year) VALUES ('VE0009', 'CU0034', 'WP-6138', 'Suzuki', 'Vitara', 2023);
INSERT INTO VEHICLE (vehi_id, cust_no, vehi_license, vehi_make, vehi_model, vehi_year) VALUES ('VE0010', 'CU0005', 'PC-1931', 'BMW', '320i', 2010);
INSERT INTO VEHICLE (vehi_id, cust_no, vehi_license, vehi_make, vehi_model, vehi_year) VALUES ('VE0011', 'CU0003', 'KB-7615', 'Nissan', 'X-Trail', 2012);
INSERT INTO VEHICLE (vehi_id, cust_no, vehi_license, vehi_make, vehi_model, vehi_year) VALUES ('VE0012', 'CU0021', 'QA-2343', 'Kia', 'Sportage', 2013);
INSERT INTO VEHICLE (vehi_id, cust_no, vehi_license, vehi_make, vehi_model, vehi_year) VALUES ('VE0013', 'CU0021', 'KB-5351', 'Kia', 'Rio', 2025);
INSERT INTO VEHICLE (vehi_id, cust_no, vehi_license, vehi_make, vehi_model, vehi_year) VALUES ('VE0014', 'CU0033', 'CAP-1152', 'Mazda', 'Demio', 2007);
INSERT INTO VEHICLE (vehi_id, cust_no, vehi_license, vehi_make, vehi_model, vehi_year) VALUES ('VE0015', 'CU0011', 'BAC-3170', 'Honda', 'CR-V', 2012);
INSERT INTO VEHICLE (vehi_id, cust_no, vehi_license, vehi_make, vehi_model, vehi_year) VALUES ('VE0016', NULL, 'CAR-9900', 'Volkswagen', 'Tiguan', 2024);
INSERT INTO VEHICLE (vehi_id, cust_no, vehi_license, vehi_make, vehi_model, vehi_year) VALUES ('VE0017', NULL, 'KA-1128', 'Toyota', 'Corolla', 2014);
INSERT INTO VEHICLE (vehi_id, cust_no, vehi_license, vehi_make, vehi_model, vehi_year) VALUES ('VE0018', 'CU0010', 'CAP-3200', 'Ford', 'Fiesta', 2008);
INSERT INTO VEHICLE (vehi_id, cust_no, vehi_license, vehi_make, vehi_model, vehi_year) VALUES ('VE0019', 'CU0017', 'BAC-5616', 'Mercedes', 'A180', 2015);
INSERT INTO VEHICLE (vehi_id, cust_no, vehi_license, vehi_make, vehi_model, vehi_year) VALUES ('VE0020', 'CU0018', 'KA-9004', 'Ford', 'Fiesta', 2007);
INSERT INTO VEHICLE (vehi_id, cust_no, vehi_license, vehi_make, vehi_model, vehi_year) VALUES ('VE0021', NULL, 'WP-1058', 'Honda', 'CR-V', 2025);
INSERT INTO VEHICLE (vehi_id, cust_no, vehi_license, vehi_make, vehi_model, vehi_year) VALUES ('VE0022', 'CU0005', 'PC-8239', 'BMW', '320i', 2022);
INSERT INTO VEHICLE (vehi_id, cust_no, vehi_license, vehi_make, vehi_model, vehi_year) VALUES ('VE0023', 'CU0028', 'PC-9938', 'Suzuki', 'Swift', 2023);
INSERT INTO VEHICLE (vehi_id, cust_no, vehi_license, vehi_make, vehi_model, vehi_year) VALUES ('VE0024', NULL, 'PC-1685', 'Ford', 'Ranger', 2006);
INSERT INTO VEHICLE (vehi_id, cust_no, vehi_license, vehi_make, vehi_model, vehi_year) VALUES ('VE0025', 'CU0027', 'KB-5088', 'Toyota', 'Prius', 2016);
INSERT INTO VEHICLE (vehi_id, cust_no, vehi_license, vehi_make, vehi_model, vehi_year) VALUES ('VE0026', NULL, 'QA-3532', 'Mitsubishi', 'Outlander', 2010);
INSERT INTO VEHICLE (vehi_id, cust_no, vehi_license, vehi_make, vehi_model, vehi_year) VALUES ('VE0027', 'CU0016', 'WP-3938', 'Volkswagen', 'Tiguan', 2018);
INSERT INTO VEHICLE (vehi_id, cust_no, vehi_license, vehi_make, vehi_model, vehi_year) VALUES ('VE0028', NULL, 'BAC-3608', 'Volkswagen', 'Tiguan', 2017);
INSERT INTO VEHICLE (vehi_id, cust_no, vehi_license, vehi_make, vehi_model, vehi_year) VALUES ('VE0029', 'CU0015', 'CAR-4644', 'Mitsubishi', 'Montero', 2016);
INSERT INTO VEHICLE (vehi_id, cust_no, vehi_license, vehi_make, vehi_model, vehi_year) VALUES ('VE0030', 'CU0005', 'KB-1387', 'Toyota', 'Prius', 2017);
INSERT INTO VEHICLE (vehi_id, cust_no, vehi_license, vehi_make, vehi_model, vehi_year) VALUES ('VE0031', 'CU0035', 'BAC-6753', 'Toyota', 'Corolla', 2017);
INSERT INTO VEHICLE (vehi_id, cust_no, vehi_license, vehi_make, vehi_model, vehi_year) VALUES ('VE0032', 'CU0017', 'PB-1452', 'Nissan', 'Sunny', 2010);
INSERT INTO VEHICLE (vehi_id, cust_no, vehi_license, vehi_make, vehi_model, vehi_year) VALUES ('VE0033', 'CU0021', 'WP-2776', 'Mercedes', 'GLA', 2016);
INSERT INTO VEHICLE (vehi_id, cust_no, vehi_license, vehi_make, vehi_model, vehi_year) VALUES ('VE0034', 'CU0003', 'CAB-9379', 'Nissan', 'Sunny', 2023);
INSERT INTO VEHICLE (vehi_id, cust_no, vehi_license, vehi_make, vehi_model, vehi_year) VALUES ('VE0035', 'CU0022', 'CAB-1027', 'BMW', '320i', 2016);
INSERT INTO VEHICLE (vehi_id, cust_no, vehi_license, vehi_make, vehi_model, vehi_year) VALUES ('VE0036', 'CU0027', 'QA-6143', 'Toyota', 'Prius', 2014);
INSERT INTO VEHICLE (vehi_id, cust_no, vehi_license, vehi_make, vehi_model, vehi_year) VALUES ('VE0037', 'CU0027', 'PB-7592', 'Volkswagen', 'Tiguan', 2022);
INSERT INTO VEHICLE (vehi_id, cust_no, vehi_license, vehi_make, vehi_model, vehi_year) VALUES ('VE0038', 'CU0001', 'CAB-3851', 'Mercedes', 'GLA', 2017);
INSERT INTO VEHICLE (vehi_id, cust_no, vehi_license, vehi_make, vehi_model, vehi_year) VALUES ('VE0039', 'CU0021', 'BAC-5700', 'Mitsubishi', 'Montero', 2023);
INSERT INTO VEHICLE (vehi_id, cust_no, vehi_license, vehi_make, vehi_model, vehi_year) VALUES ('VE0040', 'CU0011', 'CAR-8238', 'Mazda', 'Demio', 2021);

-- JOBS (spanning the last 20 days, plus today's open jobs)
INSERT INTO JOBS (job_id, job_no, vehi_id, emp_no, performed_by, status, hours, cost, created_by, created_at, updated_at) VALUES ('JB0001', 'JO0003', 'VE0019', 'EM0018', 'EM0018', 'I', NULL, NULL, 'EM0019', '2026-07-03 11:43:00', '2026-07-03 13:43:00');
INSERT INTO JOBS (job_id, job_no, vehi_id, emp_no, performed_by, status, hours, cost, created_by, created_at, updated_at) VALUES ('JB0002', 'JO0008', 'VE0013', 'EM0005', NULL, 'P', NULL, NULL, 'EM0017', '2026-07-03 15:39:00', '2026-07-03 21:39:00');
INSERT INTO JOBS (job_id, job_no, vehi_id, emp_no, performed_by, status, hours, cost, created_by, created_at, updated_at) VALUES ('JB0003', 'JO0025', 'VE0005', 'EM0015', 'EM0015', 'C', 3.67, 18521.96, 'EM0028', '2026-07-03 14:31:00', '2026-07-03 17:31:00');
INSERT INTO JOBS (job_id, job_no, vehi_id, emp_no, performed_by, status, hours, cost, created_by, created_at, updated_at) VALUES ('JB0004', 'JO0008', 'VE0010', 'EM0023', 'EM0023', 'C', 5.23, 22365.7, 'EM0017', '2026-07-03 14:14:00', '2026-07-03 15:14:00');
INSERT INTO JOBS (job_id, job_no, vehi_id, emp_no, performed_by, status, hours, cost, created_by, created_at, updated_at) VALUES ('JB0005', 'JO0026', 'VE0034', 'EM0015', 'EM0015', 'C', 5.55, 4791.25, 'EM0017', '2026-07-03 10:51:00', '2026-07-03 13:51:00');
INSERT INTO JOBS (job_id, job_no, vehi_id, emp_no, performed_by, status, hours, cost, created_by, created_at, updated_at) VALUES ('JB0006', 'JO0022', 'VE0034', 'EM0020', NULL, 'X', NULL, NULL, 'EM0019', '2026-07-03 15:39:00', '2026-07-03 21:39:00');
INSERT INTO JOBS (job_id, job_no, vehi_id, emp_no, performed_by, status, hours, cost, created_by, created_at, updated_at) VALUES ('JB0007', 'JO0024', 'VE0033', 'EM0014', 'EM0014', 'C', 4.59, 12917.51, 'EM0028', '2026-07-03 12:48:00', '2026-07-03 13:48:00');
INSERT INTO JOBS (job_id, job_no, vehi_id, emp_no, performed_by, status, hours, cost, created_by, created_at, updated_at) VALUES ('JB0008', 'JO0027', 'VE0018', 'EM0029', 'EM0029', 'C', 2.01, 3782.12, 'EM0028', '2026-07-03 12:15:00', '2026-07-03 14:15:00');
INSERT INTO JOBS (job_id, job_no, vehi_id, emp_no, performed_by, status, hours, cost, created_by, created_at, updated_at) VALUES ('JB0009', 'JO0011', 'VE0021', 'EM0020', 'EM0020', 'I', NULL, NULL, 'EM0017', '2026-07-03 11:24:00', '2026-07-03 16:24:00');
INSERT INTO JOBS (job_id, job_no, vehi_id, emp_no, performed_by, status, hours, cost, created_by, created_at, updated_at) VALUES ('JB0010', 'JO0023', 'VE0014', 'EM0003', 'EM0003', 'C', 3.48, 11562.81, 'EM0028', '2026-07-04 11:53:00', '2026-07-04 14:53:00');
INSERT INTO JOBS (job_id, job_no, vehi_id, emp_no, performed_by, status, hours, cost, created_by, created_at, updated_at) VALUES ('JB0011', 'JO0013', 'VE0038', 'EM0025', 'EM0025', 'C', 4.71, 10748.76, 'EM0017', '2026-07-04 08:22:00', '2026-07-04 10:22:00');
INSERT INTO JOBS (job_id, job_no, vehi_id, emp_no, performed_by, status, hours, cost, created_by, created_at, updated_at) VALUES ('JB0012', 'JO0025', 'VE0025', 'EM0028', 'EM0028', 'C', 4.54, 20396.97, 'EM0028', '2026-07-04 11:31:00', '2026-07-04 12:31:00');
INSERT INTO JOBS (job_id, job_no, vehi_id, emp_no, performed_by, status, hours, cost, created_by, created_at, updated_at) VALUES ('JB0013', 'JO0009', 'VE0028', 'EM0016', 'EM0016', 'C', 4.18, 20357.27, 'EM0017', '2026-07-04 10:53:00', '2026-07-04 13:53:00');
INSERT INTO JOBS (job_id, job_no, vehi_id, emp_no, performed_by, status, hours, cost, created_by, created_at, updated_at) VALUES ('JB0014', 'JO0030', 'VE0009', 'EM0022', 'EM0022', 'C', 3.76, 17248.99, 'EM0017', '2026-07-04 09:41:00', '2026-07-04 12:41:00');
INSERT INTO JOBS (job_id, job_no, vehi_id, emp_no, performed_by, status, hours, cost, created_by, created_at, updated_at) VALUES ('JB0015', 'JO0028', 'VE0030', 'EM0006', 'EM0006', 'C', 2.3, 12458.08, 'EM0017', '2026-07-05 13:48:00', '2026-07-05 16:48:00');
INSERT INTO JOBS (job_id, job_no, vehi_id, emp_no, performed_by, status, hours, cost, created_by, created_at, updated_at) VALUES ('JB0016', 'JO0009', 'VE0027', 'EM0009', 'EM0009', 'C', 4.62, 3197.97, 'EM0017', '2026-07-05 13:14:00', '2026-07-05 18:14:00');
INSERT INTO JOBS (job_id, job_no, vehi_id, emp_no, performed_by, status, hours, cost, created_by, created_at, updated_at) VALUES ('JB0017', 'JO0003', 'VE0003', 'EM0029', 'EM0029', 'C', 1.6, 2468.74, 'EM0017', '2026-07-05 10:15:00', '2026-07-05 11:15:00');
INSERT INTO JOBS (job_id, job_no, vehi_id, emp_no, performed_by, status, hours, cost, created_by, created_at, updated_at) VALUES ('JB0018', 'JO0016', 'VE0008', 'EM0021', 'EM0021', 'C', 1.91, 10484.59, 'EM0027', '2026-07-05 09:49:00', '2026-07-05 15:49:00');
INSERT INTO JOBS (job_id, job_no, vehi_id, emp_no, performed_by, status, hours, cost, created_by, created_at, updated_at) VALUES ('JB0019', 'JO0006', 'VE0020', 'EM0004', 'EM0004', 'C', 3.67, 22884.6, 'EM0017', '2026-07-05 14:25:00', '2026-07-05 19:25:00');
INSERT INTO JOBS (job_id, job_no, vehi_id, emp_no, performed_by, status, hours, cost, created_by, created_at, updated_at) VALUES ('JB0020', 'JO0003', 'VE0038', 'EM0025', 'EM0025', 'I', NULL, NULL, 'EM0027', '2026-07-06 12:54:00', '2026-07-06 17:54:00');
INSERT INTO JOBS (job_id, job_no, vehi_id, emp_no, performed_by, status, hours, cost, created_by, created_at, updated_at) VALUES ('JB0021', 'JO0020', 'VE0008', 'EM0019', 'EM0019', 'C', 2.86, 10523.13, 'EM0017', '2026-07-06 16:41:00', '2026-07-06 18:41:00');
INSERT INTO JOBS (job_id, job_no, vehi_id, emp_no, performed_by, status, hours, cost, created_by, created_at, updated_at) VALUES ('JB0022', 'JO0001', 'VE0027', 'EM0028', 'EM0028', 'I', NULL, NULL, 'EM0028', '2026-07-06 13:40:00', '2026-07-06 19:40:00');
INSERT INTO JOBS (job_id, job_no, vehi_id, emp_no, performed_by, status, hours, cost, created_by, created_at, updated_at) VALUES ('JB0023', 'JO0015', 'VE0010', 'EM0014', 'EM0014', 'C', 5.81, 8211.9, 'EM0027', '2026-07-06 16:49:00', '2026-07-06 19:49:00');
INSERT INTO JOBS (job_id, job_no, vehi_id, emp_no, performed_by, status, hours, cost, created_by, created_at, updated_at) VALUES ('JB0024', 'JO0015', 'VE0028', 'EM0028', 'EM0028', 'C', 1.85, 23496.3, 'EM0019', '2026-07-06 12:56:00', '2026-07-06 15:56:00');
INSERT INTO JOBS (job_id, job_no, vehi_id, emp_no, performed_by, status, hours, cost, created_by, created_at, updated_at) VALUES ('JB0025', 'JO0025', 'VE0030', 'EM0021', 'EM0021', 'C', 3.22, 9475.33, 'EM0028', '2026-07-07 15:13:00', '2026-07-07 17:13:00');
INSERT INTO JOBS (job_id, job_no, vehi_id, emp_no, performed_by, status, hours, cost, created_by, created_at, updated_at) VALUES ('JB0026', 'JO0026', 'VE0017', 'EM0011', 'EM0011', 'C', 4.36, 8354.18, 'EM0019', '2026-07-07 08:33:00', '2026-07-07 09:33:00');
INSERT INTO JOBS (job_id, job_no, vehi_id, emp_no, performed_by, status, hours, cost, created_by, created_at, updated_at) VALUES ('JB0027', 'JO0003', 'VE0016', 'EM0026', 'EM0026', 'C', 4.67, 17884.01, 'EM0028', '2026-07-07 15:28:00', '2026-07-07 21:28:00');
INSERT INTO JOBS (job_id, job_no, vehi_id, emp_no, performed_by, status, hours, cost, created_by, created_at, updated_at) VALUES ('JB0028', 'JO0001', 'VE0006', 'EM0010', 'EM0010', 'C', 1.84, 17271.08, 'EM0027', '2026-07-07 13:30:00', '2026-07-07 17:30:00');
INSERT INTO JOBS (job_id, job_no, vehi_id, emp_no, performed_by, status, hours, cost, created_by, created_at, updated_at) VALUES ('JB0029', 'JO0017', 'VE0023', 'EM0014', 'EM0014', 'C', 3.0, 9052.33, 'EM0019', '2026-07-07 11:07:00', '2026-07-07 16:07:00');
INSERT INTO JOBS (job_id, job_no, vehi_id, emp_no, performed_by, status, hours, cost, created_by, created_at, updated_at) VALUES ('JB0030', 'JO0011', 'VE0008', 'EM0026', 'EM0026', 'C', 4.56, 8359.49, 'EM0027', '2026-07-08 16:38:00', '2026-07-08 18:38:00');
INSERT INTO JOBS (job_id, job_no, vehi_id, emp_no, performed_by, status, hours, cost, created_by, created_at, updated_at) VALUES ('JB0031', 'JO0004', 'VE0013', 'EM0010', 'EM0010', 'C', 2.16, 18284.43, 'EM0027', '2026-07-08 10:17:00', '2026-07-08 10:17:00');
INSERT INTO JOBS (job_id, job_no, vehi_id, emp_no, performed_by, status, hours, cost, created_by, created_at, updated_at) VALUES ('JB0032', 'JO0002', 'VE0036', 'EM0010', 'EM0010', 'C', 4.64, 4359.52, 'EM0027', '2026-07-08 08:36:00', '2026-07-08 10:36:00');
INSERT INTO JOBS (job_id, job_no, vehi_id, emp_no, performed_by, status, hours, cost, created_by, created_at, updated_at) VALUES ('JB0033', 'JO0016', 'VE0031', 'EM0015', 'EM0015', 'C', 0.78, 23644.46, 'EM0019', '2026-07-08 15:07:00', '2026-07-08 21:07:00');
INSERT INTO JOBS (job_id, job_no, vehi_id, emp_no, performed_by, status, hours, cost, created_by, created_at, updated_at) VALUES ('JB0034', 'JO0003', 'VE0026', 'EM0016', 'EM0016', 'C', 4.28, 5489.72, 'EM0017', '2026-07-08 12:05:00', '2026-07-08 13:05:00');
INSERT INTO JOBS (job_id, job_no, vehi_id, emp_no, performed_by, status, hours, cost, created_by, created_at, updated_at) VALUES ('JB0035', 'JO0018', 'VE0027', 'EM0022', 'EM0022', 'C', 2.59, 22895.6, 'EM0027', '2026-07-09 12:55:00', '2026-07-09 16:55:00');
INSERT INTO JOBS (job_id, job_no, vehi_id, emp_no, performed_by, status, hours, cost, created_by, created_at, updated_at) VALUES ('JB0036', 'JO0014', 'VE0020', 'EM0021', 'EM0021', 'C', 4.57, 23794.57, 'EM0017', '2026-07-09 11:40:00', '2026-07-09 12:40:00');
INSERT INTO JOBS (job_id, job_no, vehi_id, emp_no, performed_by, status, hours, cost, created_by, created_at, updated_at) VALUES ('JB0037', 'JO0009', 'VE0006', 'EM0006', 'EM0006', 'C', 0.91, 2061.54, 'EM0027', '2026-07-09 15:44:00', '2026-07-09 19:44:00');
INSERT INTO JOBS (job_id, job_no, vehi_id, emp_no, performed_by, status, hours, cost, created_by, created_at, updated_at) VALUES ('JB0038', 'JO0016', 'VE0019', 'EM0002', 'EM0002', 'C', 2.05, 21770.95, 'EM0027', '2026-07-09 09:43:00', '2026-07-09 10:43:00');
INSERT INTO JOBS (job_id, job_no, vehi_id, emp_no, performed_by, status, hours, cost, created_by, created_at, updated_at) VALUES ('JB0039', 'JO0026', 'VE0038', 'EM0024', 'EM0024', 'C', 3.5, 16895.6, 'EM0027', '2026-07-10 12:52:00', '2026-07-10 13:52:00');
INSERT INTO JOBS (job_id, job_no, vehi_id, emp_no, performed_by, status, hours, cost, created_by, created_at, updated_at) VALUES ('JB0040', 'JO0003', 'VE0004', 'EM0006', 'EM0006', 'C', 5.03, 23187.43, 'EM0019', '2026-07-10 15:07:00', '2026-07-10 18:07:00');
INSERT INTO JOBS (job_id, job_no, vehi_id, emp_no, performed_by, status, hours, cost, created_by, created_at, updated_at) VALUES ('JB0041', 'JO0023', 'VE0020', 'EM0025', 'EM0025', 'C', 3.25, 13357.29, 'EM0028', '2026-07-10 09:38:00', '2026-07-10 09:38:00');
INSERT INTO JOBS (job_id, job_no, vehi_id, emp_no, performed_by, status, hours, cost, created_by, created_at, updated_at) VALUES ('JB0042', 'JO0029', 'VE0028', 'EM0026', 'EM0026', 'C', 0.64, 7265.26, 'EM0019', '2026-07-10 08:48:00', '2026-07-10 13:48:00');
INSERT INTO JOBS (job_id, job_no, vehi_id, emp_no, performed_by, status, hours, cost, created_by, created_at, updated_at) VALUES ('JB0043', 'JO0027', 'VE0018', 'EM0021', 'EM0021', 'C', 1.46, 13936.17, 'EM0017', '2026-07-10 15:58:00', '2026-07-10 17:58:00');
INSERT INTO JOBS (job_id, job_no, vehi_id, emp_no, performed_by, status, hours, cost, created_by, created_at, updated_at) VALUES ('JB0044', 'JO0006', 'VE0038', 'EM0014', NULL, 'X', NULL, NULL, 'EM0028', '2026-07-10 15:22:00', '2026-07-10 18:22:00');
INSERT INTO JOBS (job_id, job_no, vehi_id, emp_no, performed_by, status, hours, cost, created_by, created_at, updated_at) VALUES ('JB0045', 'JO0011', 'VE0007', 'EM0006', 'EM0006', 'C', 3.23, 17239.42, 'EM0019', '2026-07-11 14:52:00', '2026-07-11 20:52:00');
INSERT INTO JOBS (job_id, job_no, vehi_id, emp_no, performed_by, status, hours, cost, created_by, created_at, updated_at) VALUES ('JB0046', 'JO0018', 'VE0003', 'EM0015', 'EM0015', 'C', 2.28, 24314.25, 'EM0017', '2026-07-11 14:55:00', '2026-07-11 18:55:00');
INSERT INTO JOBS (job_id, job_no, vehi_id, emp_no, performed_by, status, hours, cost, created_by, created_at, updated_at) VALUES ('JB0047', 'JO0027', 'VE0001', 'EM0024', 'EM0024', 'C', 1.53, 10320.93, 'EM0028', '2026-07-11 15:40:00', '2026-07-11 18:40:00');
INSERT INTO JOBS (job_id, job_no, vehi_id, emp_no, performed_by, status, hours, cost, created_by, created_at, updated_at) VALUES ('JB0048', 'JO0025', 'VE0004', 'EM0007', 'EM0007', 'C', 5.6, 12076.67, 'EM0019', '2026-07-11 15:07:00', '2026-07-11 15:07:00');
INSERT INTO JOBS (job_id, job_no, vehi_id, emp_no, performed_by, status, hours, cost, created_by, created_at, updated_at) VALUES ('JB0049', 'JO0021', 'VE0039', 'EM0019', 'EM0019', 'C', 2.21, 2314.51, 'EM0027', '2026-07-11 14:05:00', '2026-07-11 15:05:00');
INSERT INTO JOBS (job_id, job_no, vehi_id, emp_no, performed_by, status, hours, cost, created_by, created_at, updated_at) VALUES ('JB0050', 'JO0027', 'VE0008', 'EM0015', 'EM0015', 'C', 1.35, 23451.02, 'EM0017', '2026-07-11 12:32:00', '2026-07-11 17:32:00');
INSERT INTO JOBS (job_id, job_no, vehi_id, emp_no, performed_by, status, hours, cost, created_by, created_at, updated_at) VALUES ('JB0051', 'JO0014', 'VE0031', 'EM0016', 'EM0016', 'C', 1.3, 6384.04, 'EM0027', '2026-07-12 16:47:00', '2026-07-12 17:47:00');
INSERT INTO JOBS (job_id, job_no, vehi_id, emp_no, performed_by, status, hours, cost, created_by, created_at, updated_at) VALUES ('JB0052', 'JO0028', 'VE0005', 'EM0009', 'EM0009', 'C', 4.83, 8144.97, 'EM0028', '2026-07-12 08:18:00', '2026-07-12 13:18:00');
INSERT INTO JOBS (job_id, job_no, vehi_id, emp_no, performed_by, status, hours, cost, created_by, created_at, updated_at) VALUES ('JB0053', 'JO0010', 'VE0038', 'EM0021', 'EM0021', 'C', 2.96, 13139.85, 'EM0028', '2026-07-12 13:35:00', '2026-07-12 19:35:00');
INSERT INTO JOBS (job_id, job_no, vehi_id, emp_no, performed_by, status, hours, cost, created_by, created_at, updated_at) VALUES ('JB0054', 'JO0018', 'VE0025', 'EM0015', 'EM0015', 'C', 5.89, 7492.53, 'EM0019', '2026-07-12 14:14:00', '2026-07-12 20:14:00');
INSERT INTO JOBS (job_id, job_no, vehi_id, emp_no, performed_by, status, hours, cost, created_by, created_at, updated_at) VALUES ('JB0055', 'JO0025', 'VE0027', 'EM0002', 'EM0002', 'C', 4.38, 20662.4, 'EM0019', '2026-07-12 14:42:00', '2026-07-12 20:42:00');
INSERT INTO JOBS (job_id, job_no, vehi_id, emp_no, performed_by, status, hours, cost, created_by, created_at, updated_at) VALUES ('JB0056', 'JO0027', 'VE0010', 'EM0016', 'EM0016', 'I', NULL, NULL, 'EM0017', '2026-07-12 13:55:00', '2026-07-12 13:55:00');
INSERT INTO JOBS (job_id, job_no, vehi_id, emp_no, performed_by, status, hours, cost, created_by, created_at, updated_at) VALUES ('JB0057', 'JO0004', 'VE0034', 'EM0015', 'EM0015', 'C', 2.75, 17059.97, 'EM0017', '2026-07-13 10:04:00', '2026-07-13 13:04:00');
INSERT INTO JOBS (job_id, job_no, vehi_id, emp_no, performed_by, status, hours, cost, created_by, created_at, updated_at) VALUES ('JB0058', 'JO0026', 'VE0017', 'EM0011', 'EM0011', 'C', 5.18, 21603.85, 'EM0028', '2026-07-13 16:24:00', '2026-07-13 18:24:00');
INSERT INTO JOBS (job_id, job_no, vehi_id, emp_no, performed_by, status, hours, cost, created_by, created_at, updated_at) VALUES ('JB0059', 'JO0021', 'VE0032', 'EM0020', 'EM0020', 'C', 1.79, 17741.19, 'EM0017', '2026-07-13 12:14:00', '2026-07-13 17:14:00');
INSERT INTO JOBS (job_id, job_no, vehi_id, emp_no, performed_by, status, hours, cost, created_by, created_at, updated_at) VALUES ('JB0060', 'JO0003', 'VE0028', 'EM0004', 'EM0004', 'C', 4.32, 22778.75, 'EM0017', '2026-07-13 08:20:00', '2026-07-13 14:20:00');
INSERT INTO JOBS (job_id, job_no, vehi_id, emp_no, performed_by, status, hours, cost, created_by, created_at, updated_at) VALUES ('JB0061', 'JO0002', 'VE0019', 'EM0012', 'EM0012', 'C', 1.84, 11477.19, 'EM0019', '2026-07-13 10:10:00', '2026-07-13 11:10:00');
INSERT INTO JOBS (job_id, job_no, vehi_id, emp_no, performed_by, status, hours, cost, created_by, created_at, updated_at) VALUES ('JB0062', 'JO0003', 'VE0040', 'EM0013', 'EM0013', 'C', 3.71, 7340.33, 'EM0027', '2026-07-13 12:29:00', '2026-07-13 14:29:00');
INSERT INTO JOBS (job_id, job_no, vehi_id, emp_no, performed_by, status, hours, cost, created_by, created_at, updated_at) VALUES ('JB0063', 'JO0022', 'VE0001', 'EM0019', 'EM0019', 'C', 4.23, 5633.44, 'EM0028', '2026-07-13 15:22:00', '2026-07-13 19:22:00');
INSERT INTO JOBS (job_id, job_no, vehi_id, emp_no, performed_by, status, hours, cost, created_by, created_at, updated_at) VALUES ('JB0064', 'JO0021', 'VE0028', 'EM0025', 'EM0025', 'C', 2.16, 24985.59, 'EM0019', '2026-07-14 15:06:00', '2026-07-14 16:06:00');
INSERT INTO JOBS (job_id, job_no, vehi_id, emp_no, performed_by, status, hours, cost, created_by, created_at, updated_at) VALUES ('JB0065', 'JO0013', 'VE0037', 'EM0012', NULL, 'X', NULL, NULL, 'EM0019', '2026-07-14 12:01:00', '2026-07-14 18:01:00');
INSERT INTO JOBS (job_id, job_no, vehi_id, emp_no, performed_by, status, hours, cost, created_by, created_at, updated_at) VALUES ('JB0066', 'JO0022', 'VE0026', 'EM0009', 'EM0009', 'C', 4.27, 19127.38, 'EM0017', '2026-07-14 08:58:00', '2026-07-14 12:58:00');
INSERT INTO JOBS (job_id, job_no, vehi_id, emp_no, performed_by, status, hours, cost, created_by, created_at, updated_at) VALUES ('JB0067', 'JO0024', 'VE0032', 'EM0028', 'EM0028', 'C', 1.77, 20444.44, 'EM0019', '2026-07-14 11:40:00', '2026-07-14 12:40:00');
INSERT INTO JOBS (job_id, job_no, vehi_id, emp_no, performed_by, status, hours, cost, created_by, created_at, updated_at) VALUES ('JB0068', 'JO0020', 'VE0017', 'EM0024', 'EM0024', 'C', 5.47, 16865.83, 'EM0027', '2026-07-14 12:50:00', '2026-07-14 15:50:00');
INSERT INTO JOBS (job_id, job_no, vehi_id, emp_no, performed_by, status, hours, cost, created_by, created_at, updated_at) VALUES ('JB0069', 'JO0002', 'VE0038', 'EM0012', 'EM0012', 'I', NULL, NULL, 'EM0027', '2026-07-14 12:20:00', '2026-07-14 17:20:00');
INSERT INTO JOBS (job_id, job_no, vehi_id, emp_no, performed_by, status, hours, cost, created_by, created_at, updated_at) VALUES ('JB0070', 'JO0006', 'VE0013', 'EM0005', 'EM0005', 'C', 5.52, 21100.87, 'EM0019', '2026-07-15 12:58:00', '2026-07-15 18:58:00');
INSERT INTO JOBS (job_id, job_no, vehi_id, emp_no, performed_by, status, hours, cost, created_by, created_at, updated_at) VALUES ('JB0071', 'JO0016', 'VE0019', 'EM0026', 'EM0026', 'C', 3.08, 3731.89, 'EM0019', '2026-07-15 11:55:00', '2026-07-15 16:55:00');
INSERT INTO JOBS (job_id, job_no, vehi_id, emp_no, performed_by, status, hours, cost, created_by, created_at, updated_at) VALUES ('JB0072', 'JO0024', 'VE0026', 'EM0019', 'EM0019', 'I', NULL, NULL, 'EM0019', '2026-07-15 14:00:00', '2026-07-15 16:00:00');
INSERT INTO JOBS (job_id, job_no, vehi_id, emp_no, performed_by, status, hours, cost, created_by, created_at, updated_at) VALUES ('JB0073', 'JO0018', 'VE0008', 'EM0015', 'EM0015', 'C', 4.2, 15444.88, 'EM0019', '2026-07-15 13:06:00', '2026-07-15 18:06:00');
INSERT INTO JOBS (job_id, job_no, vehi_id, emp_no, performed_by, status, hours, cost, created_by, created_at, updated_at) VALUES ('JB0074', 'JO0008', 'VE0031', 'EM0001', 'EM0001', 'C', 1.72, 3453.99, 'EM0019', '2026-07-15 15:58:00', '2026-07-15 20:58:00');
INSERT INTO JOBS (job_id, job_no, vehi_id, emp_no, performed_by, status, hours, cost, created_by, created_at, updated_at) VALUES ('JB0075', 'JO0010', 'VE0027', 'EM0004', NULL, 'P', NULL, NULL, 'EM0027', '2026-07-15 08:19:00', '2026-07-15 11:19:00');
INSERT INTO JOBS (job_id, job_no, vehi_id, emp_no, performed_by, status, hours, cost, created_by, created_at, updated_at) VALUES ('JB0076', 'JO0004', 'VE0007', 'EM0008', 'EM0008', 'C', 2.54, 23835.76, 'EM0027', '2026-07-15 16:26:00', '2026-07-15 20:26:00');
INSERT INTO JOBS (job_id, job_no, vehi_id, emp_no, performed_by, status, hours, cost, created_by, created_at, updated_at) VALUES ('JB0077', 'JO0024', 'VE0010', 'EM0014', 'EM0014', 'C', 3.89, 23598.22, 'EM0017', '2026-07-16 12:02:00', '2026-07-16 17:02:00');
INSERT INTO JOBS (job_id, job_no, vehi_id, emp_no, performed_by, status, hours, cost, created_by, created_at, updated_at) VALUES ('JB0078', 'JO0012', 'VE0014', 'EM0015', NULL, 'X', NULL, NULL, 'EM0028', '2026-07-16 13:06:00', '2026-07-16 18:06:00');
INSERT INTO JOBS (job_id, job_no, vehi_id, emp_no, performed_by, status, hours, cost, created_by, created_at, updated_at) VALUES ('JB0079', 'JO0012', 'VE0035', 'EM0023', 'EM0023', 'I', NULL, NULL, 'EM0019', '2026-07-16 12:12:00', '2026-07-16 12:12:00');
INSERT INTO JOBS (job_id, job_no, vehi_id, emp_no, performed_by, status, hours, cost, created_by, created_at, updated_at) VALUES ('JB0080', 'JO0028', 'VE0030', 'EM0003', 'EM0003', 'C', 3.78, 2491.22, 'EM0027', '2026-07-16 13:15:00', '2026-07-16 14:15:00');
INSERT INTO JOBS (job_id, job_no, vehi_id, emp_no, performed_by, status, hours, cost, created_by, created_at, updated_at) VALUES ('JB0081', 'JO0026', 'VE0037', 'EM0007', 'EM0007', 'C', 3.55, 15486.81, 'EM0017', '2026-07-16 11:21:00', '2026-07-16 17:21:00');
INSERT INTO JOBS (job_id, job_no, vehi_id, emp_no, performed_by, status, hours, cost, created_by, created_at, updated_at) VALUES ('JB0082', 'JO0005', 'VE0039', 'EM0001', 'EM0001', 'C', 1.3, 4989.82, 'EM0019', '2026-07-16 12:51:00', '2026-07-16 13:51:00');
INSERT INTO JOBS (job_id, job_no, vehi_id, emp_no, performed_by, status, hours, cost, created_by, created_at, updated_at) VALUES ('JB0083', 'JO0004', 'VE0002', 'EM0005', 'EM0005', 'C', 4.84, 15543.62, 'EM0017', '2026-07-16 08:11:00', '2026-07-16 10:11:00');
INSERT INTO JOBS (job_id, job_no, vehi_id, emp_no, performed_by, status, hours, cost, created_by, created_at, updated_at) VALUES ('JB0084', 'JO0002', 'VE0009', 'EM0026', 'EM0026', 'C', 4.6, 12953.66, 'EM0028', '2026-07-16 13:32:00', '2026-07-16 17:32:00');
INSERT INTO JOBS (job_id, job_no, vehi_id, emp_no, performed_by, status, hours, cost, created_by, created_at, updated_at) VALUES ('JB0085', 'JO0004', 'VE0029', 'EM0018', 'EM0018', 'C', 0.74, 20014.22, 'EM0027', '2026-07-16 16:19:00', '2026-07-16 19:19:00');
INSERT INTO JOBS (job_id, job_no, vehi_id, emp_no, performed_by, status, hours, cost, created_by, created_at, updated_at) VALUES ('JB0086', 'JO0001', 'VE0004', 'EM0016', 'EM0016', 'C', 1.09, 18385.23, 'EM0028', '2026-07-17 15:04:00', '2026-07-17 15:04:00');
INSERT INTO JOBS (job_id, job_no, vehi_id, emp_no, performed_by, status, hours, cost, created_by, created_at, updated_at) VALUES ('JB0087', 'JO0011', 'VE0039', 'EM0005', 'EM0005', 'I', NULL, NULL, 'EM0017', '2026-07-17 16:45:00', '2026-07-17 18:45:00');
INSERT INTO JOBS (job_id, job_no, vehi_id, emp_no, performed_by, status, hours, cost, created_by, created_at, updated_at) VALUES ('JB0088', 'JO0013', 'VE0039', 'EM0018', 'EM0018', 'C', 3.83, 4281.1, 'EM0019', '2026-07-17 09:54:00', '2026-07-17 14:54:00');
INSERT INTO JOBS (job_id, job_no, vehi_id, emp_no, performed_by, status, hours, cost, created_by, created_at, updated_at) VALUES ('JB0089', 'JO0021', 'VE0036', 'EM0026', 'EM0026', 'C', 5.38, 11517.71, 'EM0027', '2026-07-17 15:25:00', '2026-07-17 18:25:00');
INSERT INTO JOBS (job_id, job_no, vehi_id, emp_no, performed_by, status, hours, cost, created_by, created_at, updated_at) VALUES ('JB0090', 'JO0024', 'VE0007', 'EM0011', 'EM0011', 'C', 1.9, 23932.63, 'EM0028', '2026-07-17 15:04:00', '2026-07-17 15:04:00');
INSERT INTO JOBS (job_id, job_no, vehi_id, emp_no, performed_by, status, hours, cost, created_by, created_at, updated_at) VALUES ('JB0091', 'JO0027', 'VE0006', 'EM0003', 'EM0003', 'I', NULL, NULL, 'EM0028', '2026-07-17 13:51:00', '2026-07-17 14:51:00');
INSERT INTO JOBS (job_id, job_no, vehi_id, emp_no, performed_by, status, hours, cost, created_by, created_at, updated_at) VALUES ('JB0092', 'JO0018', 'VE0004', 'EM0021', 'EM0021', 'C', 2.76, 22092.97, 'EM0019', '2026-07-17 14:55:00', '2026-07-17 19:55:00');
INSERT INTO JOBS (job_id, job_no, vehi_id, emp_no, performed_by, status, hours, cost, created_by, created_at, updated_at) VALUES ('JB0093', 'JO0002', 'VE0019', 'EM0022', 'EM0022', 'C', 3.68, 6892.99, 'EM0019', '2026-07-17 15:14:00', '2026-07-17 21:14:00');
INSERT INTO JOBS (job_id, job_no, vehi_id, emp_no, performed_by, status, hours, cost, created_by, created_at, updated_at) VALUES ('JB0094', 'JO0004', 'VE0023', 'EM0020', 'EM0020', 'I', NULL, NULL, 'EM0019', '2026-07-17 12:36:00', '2026-07-17 13:36:00');
INSERT INTO JOBS (job_id, job_no, vehi_id, emp_no, performed_by, status, hours, cost, created_by, created_at, updated_at) VALUES ('JB0095', 'JO0028', 'VE0036', 'EM0029', 'EM0029', 'C', 4.12, 17949.84, 'EM0017', '2026-07-18 08:11:00', '2026-07-18 10:11:00');
INSERT INTO JOBS (job_id, job_no, vehi_id, emp_no, performed_by, status, hours, cost, created_by, created_at, updated_at) VALUES ('JB0096', 'JO0023', 'VE0020', 'EM0011', NULL, 'P', NULL, NULL, 'EM0019', '2026-07-18 10:36:00', '2026-07-18 15:36:00');
INSERT INTO JOBS (job_id, job_no, vehi_id, emp_no, performed_by, status, hours, cost, created_by, created_at, updated_at) VALUES ('JB0097', 'JO0013', 'VE0005', 'EM0005', 'EM0005', 'I', NULL, NULL, 'EM0017', '2026-07-18 16:13:00', '2026-07-18 19:13:00');
INSERT INTO JOBS (job_id, job_no, vehi_id, emp_no, performed_by, status, hours, cost, created_by, created_at, updated_at) VALUES ('JB0098', 'JO0014', 'VE0030', 'EM0011', 'EM0011', 'C', 4.47, 19867.22, 'EM0027', '2026-07-18 09:56:00', '2026-07-18 09:56:00');
INSERT INTO JOBS (job_id, job_no, vehi_id, emp_no, performed_by, status, hours, cost, created_by, created_at, updated_at) VALUES ('JB0099', 'JO0005', 'VE0011', 'EM0029', 'EM0029', 'C', 2.0, 17224.59, 'EM0017', '2026-07-18 15:38:00', '2026-07-18 18:38:00');
INSERT INTO JOBS (job_id, job_no, vehi_id, emp_no, performed_by, status, hours, cost, created_by, created_at, updated_at) VALUES ('JB0100', 'JO0014', 'VE0018', 'EM0007', 'EM0007', 'C', 1.11, 17599.01, 'EM0017', '2026-07-18 15:33:00', '2026-07-18 20:33:00');
INSERT INTO JOBS (job_id, job_no, vehi_id, emp_no, performed_by, status, hours, cost, created_by, created_at, updated_at) VALUES ('JB0101', 'JO0010', 'VE0003', 'EM0008', NULL, 'X', NULL, NULL, 'EM0028', '2026-07-18 08:00:00', '2026-07-18 09:00:00');
INSERT INTO JOBS (job_id, job_no, vehi_id, emp_no, performed_by, status, hours, cost, created_by, created_at, updated_at) VALUES ('JB0102', 'JO0007', 'VE0009', 'EM0029', 'EM0029', 'C', 1.16, 13439.86, 'EM0019', '2026-07-19 14:11:00', '2026-07-19 15:11:00');
INSERT INTO JOBS (job_id, job_no, vehi_id, emp_no, performed_by, status, hours, cost, created_by, created_at, updated_at) VALUES ('JB0103', 'JO0013', 'VE0035', 'EM0025', 'EM0025', 'C', 5.08, 20542.6, 'EM0027', '2026-07-19 09:25:00', '2026-07-19 15:25:00');
INSERT INTO JOBS (job_id, job_no, vehi_id, emp_no, performed_by, status, hours, cost, created_by, created_at, updated_at) VALUES ('JB0104', 'JO0024', 'VE0003', 'EM0014', 'EM0014', 'C', 0.93, 9200.39, 'EM0017', '2026-07-19 14:36:00', '2026-07-19 17:36:00');
INSERT INTO JOBS (job_id, job_no, vehi_id, emp_no, performed_by, status, hours, cost, created_by, created_at, updated_at) VALUES ('JB0105', 'JO0023', 'VE0027', 'EM0010', 'EM0010', 'C', 5.81, 5953.08, 'EM0017', '2026-07-19 15:53:00', '2026-07-19 20:53:00');
INSERT INTO JOBS (job_id, job_no, vehi_id, emp_no, performed_by, status, hours, cost, created_by, created_at, updated_at) VALUES ('JB0106', 'JO0030', 'VE0024', 'EM0003', 'EM0003', 'C', 1.84, 15544.04, 'EM0028', '2026-07-19 16:05:00', '2026-07-19 19:05:00');
INSERT INTO JOBS (job_id, job_no, vehi_id, emp_no, performed_by, status, hours, cost, created_by, created_at, updated_at) VALUES ('JB0107', 'JO0028', 'VE0020', 'EM0026', 'EM0026', 'C', 4.79, 3756.73, 'EM0019', '2026-07-19 09:33:00', '2026-07-19 13:33:00');
INSERT INTO JOBS (job_id, job_no, vehi_id, emp_no, performed_by, status, hours, cost, created_by, created_at, updated_at) VALUES ('JB0108', 'JO0029', 'VE0023', 'EM0012', 'EM0012', 'C', 1.31, 6537.25, 'EM0027', '2026-07-20 10:48:00', '2026-07-20 16:48:00');
INSERT INTO JOBS (job_id, job_no, vehi_id, emp_no, performed_by, status, hours, cost, created_by, created_at, updated_at) VALUES ('JB0109', 'JO0021', 'VE0005', 'EM0006', 'EM0006', 'C', 3.6, 15327.77, 'EM0028', '2026-07-20 13:55:00', '2026-07-20 18:55:00');
INSERT INTO JOBS (job_id, job_no, vehi_id, emp_no, performed_by, status, hours, cost, created_by, created_at, updated_at) VALUES ('JB0110', 'JO0011', 'VE0010', 'EM0015', 'EM0015', 'C', 3.97, 20315.58, 'EM0017', '2026-07-20 08:22:00', '2026-07-20 12:22:00');
INSERT INTO JOBS (job_id, job_no, vehi_id, emp_no, performed_by, status, hours, cost, created_by, created_at, updated_at) VALUES ('JB0111', 'JO0003', 'VE0020', 'EM0015', NULL, 'P', NULL, NULL, 'EM0028', '2026-07-20 13:53:00', '2026-07-20 15:53:00');
INSERT INTO JOBS (job_id, job_no, vehi_id, emp_no, performed_by, status, hours, cost, created_by, created_at, updated_at) VALUES ('JB0112', 'JO0003', 'VE0006', 'EM0022', 'EM0022', 'C', 3.55, 20211.81, 'EM0028', '2026-07-20 08:28:00', '2026-07-20 14:28:00');
INSERT INTO JOBS (job_id, job_no, vehi_id, emp_no, performed_by, status, hours, cost, created_by, created_at, updated_at) VALUES ('JB0113', 'JO0021', 'VE0013', 'EM0011', 'EM0011', 'C', 5.77, 12362.03, 'EM0028', '2026-07-21 13:45:00', '2026-07-21 13:45:00');
INSERT INTO JOBS (job_id, job_no, vehi_id, emp_no, performed_by, status, hours, cost, created_by, created_at, updated_at) VALUES ('JB0114', 'JO0017', 'VE0012', 'EM0002', 'EM0002', 'C', 5.95, 14053.58, 'EM0027', '2026-07-21 10:23:00', '2026-07-21 12:23:00');
INSERT INTO JOBS (job_id, job_no, vehi_id, emp_no, performed_by, status, hours, cost, created_by, created_at, updated_at) VALUES ('JB0115', 'JO0030', 'VE0019', 'EM0013', 'EM0013', 'C', 4.23, 3204.41, 'EM0028', '2026-07-21 13:04:00', '2026-07-21 15:04:00');
INSERT INTO JOBS (job_id, job_no, vehi_id, emp_no, performed_by, status, hours, cost, created_by, created_at, updated_at) VALUES ('JB0116', 'JO0004', 'VE0036', 'EM0024', 'EM0024', 'C', 4.48, 17100.97, 'EM0028', '2026-07-21 10:21:00', '2026-07-21 10:21:00');
INSERT INTO JOBS (job_id, job_no, vehi_id, emp_no, performed_by, status, hours, cost, created_by, created_at, updated_at) VALUES ('JB0117', 'JO0019', 'VE0010', 'EM0012', NULL, 'X', NULL, NULL, 'EM0019', '2026-07-21 14:08:00', '2026-07-21 18:08:00');
INSERT INTO JOBS (job_id, job_no, vehi_id, emp_no, performed_by, status, hours, cost, created_by, created_at, updated_at) VALUES ('JB0118', 'JO0023', 'VE0006', 'EM0010', 'EM0010', 'C', 2.31, 4939.26, 'EM0028', '2026-07-21 16:05:00', '2026-07-21 21:05:00');
INSERT INTO JOBS (job_id, job_no, vehi_id, emp_no, performed_by, status, hours, cost, created_by, created_at, updated_at) VALUES ('JB0119', 'JO0022', 'VE0028', 'EM0018', NULL, 'P', NULL, NULL, 'EM0019', '2026-07-21 12:11:00', '2026-07-21 13:11:00');
INSERT INTO JOBS (job_id, job_no, vehi_id, emp_no, performed_by, status, hours, cost, created_by, created_at, updated_at) VALUES ('JB0120', 'JO0011', 'VE0032', 'EM0007', NULL, 'X', NULL, NULL, 'EM0027', '2026-07-21 10:04:00', '2026-07-21 12:04:00');
INSERT INTO JOBS (job_id, job_no, vehi_id, emp_no, performed_by, status, hours, cost, created_by, created_at, updated_at) VALUES ('JB0121', 'JO0017', 'VE0035', 'EM0028', 'EM0028', 'C', 5.32, 16214.72, 'EM0017', '2026-07-22 14:09:00', '2026-07-22 15:09:00');
INSERT INTO JOBS (job_id, job_no, vehi_id, emp_no, performed_by, status, hours, cost, created_by, created_at, updated_at) VALUES ('JB0122', 'JO0006', 'VE0040', 'EM0019', 'EM0019', 'C', 0.74, 10378.89, 'EM0027', '2026-07-22 11:28:00', '2026-07-22 15:28:00');
INSERT INTO JOBS (job_id, job_no, vehi_id, emp_no, performed_by, status, hours, cost, created_by, created_at, updated_at) VALUES ('JB0123', 'JO0010', 'VE0029', 'EM0008', 'EM0008', 'C', 4.95, 12787.36, 'EM0027', '2026-07-22 11:23:00', '2026-07-22 16:23:00');
INSERT INTO JOBS (job_id, job_no, vehi_id, emp_no, performed_by, status, hours, cost, created_by, created_at, updated_at) VALUES ('JB0124', 'JO0019', 'VE0029', 'EM0015', 'EM0015', 'C', 3.27, 11629.2, 'EM0019', '2026-07-22 10:52:00', '2026-07-22 11:52:00');
INSERT INTO JOBS (job_id, job_no, vehi_id, emp_no, performed_by, status, hours, cost, created_by, created_at, updated_at) VALUES ('JB0125', 'JO0005', 'VE0017', 'EM0002', 'EM0002', 'C', 3.55, 4359.56, 'EM0028', '2026-07-23 16:54:00', '2026-07-23 16:54:00');
INSERT INTO JOBS (job_id, job_no, vehi_id, emp_no, performed_by, status, hours, cost, created_by, created_at, updated_at) VALUES ('JB0126', 'JO0010', 'VE0006', 'EM0029', NULL, 'P', NULL, NULL, 'EM0027', '2026-07-23 16:09:00', '2026-07-23 22:09:00');
INSERT INTO JOBS (job_id, job_no, vehi_id, emp_no, performed_by, status, hours, cost, created_by, created_at, updated_at) VALUES ('JB0127', 'JO0014', 'VE0006', 'EM0008', 'EM0008', 'C', 5.62, 11542.63, 'EM0028', '2026-07-23 14:32:00', '2026-07-23 16:32:00');
INSERT INTO JOBS (job_id, job_no, vehi_id, emp_no, performed_by, status, hours, cost, created_by, created_at, updated_at) VALUES ('JB0128', 'JO0008', 'VE0025', 'EM0003', NULL, 'P', NULL, NULL, 'EM0019', '2026-07-23 13:59:00', '2026-07-23 13:59:00');
INSERT INTO JOBS (job_id, job_no, vehi_id, emp_no, performed_by, status, hours, cost, created_by, created_at, updated_at) VALUES ('JB0129', 'JO0027', 'VE0022', 'EM0019', NULL, 'P', NULL, NULL, 'EM0027', '2026-07-23 12:58:00', '2026-07-23 18:58:00');
INSERT INTO JOBS (job_id, job_no, vehi_id, emp_no, performed_by, status, hours, cost, created_by, created_at, updated_at) VALUES ('JB0130', 'JO0016', 'VE0009', 'EM0029', NULL, 'P', NULL, NULL, 'EM0028', '2026-07-23 08:57:00', '2026-07-23 08:57:00');
INSERT INTO JOBS (job_id, job_no, vehi_id, emp_no, performed_by, status, hours, cost, created_by, created_at, updated_at) VALUES ('JB0131', 'JO0001', 'VE0017', 'EM0007', 'EM0007', 'I', NULL, NULL, 'EM0027', '2026-07-23 16:27:00', '2026-07-23 16:27:00');
INSERT INTO JOBS (job_id, job_no, vehi_id, emp_no, performed_by, status, hours, cost, created_by, created_at, updated_at) VALUES ('JB0132', 'JO0025', 'VE0019', 'EM0008', NULL, 'P', NULL, NULL, 'EM0019', '2026-07-23 11:26:00', '2026-07-23 16:26:00');

-- INVOICE + PAYMENT (one invoice per completed job, some fully paid, some partial/unpaid)
INSERT INTO INVOICE (inv_no, job_id, inv_date, inv_total, inv_status) VALUES ('IN0001', 'JB0003', '2026-07-03', 18521.96, 'P');
INSERT INTO PAYMENT (pay_no, inv_no, pay_date, pay_amount, pay_method) VALUES ('PY0001', 'IN0001', '2026-07-03', 8943.24, 'C');
INSERT INTO INVOICE (inv_no, job_id, inv_date, inv_total, inv_status) VALUES ('IN0002', 'JB0004', '2026-07-03', 22365.70, 'U');
INSERT INTO INVOICE (inv_no, job_id, inv_date, inv_total, inv_status) VALUES ('IN0003', 'JB0005', '2026-07-03', 4791.25, 'S');
INSERT INTO PAYMENT (pay_no, inv_no, pay_date, pay_amount, pay_method) VALUES ('PY0002', 'IN0003', '2026-07-03', 4791.25, 'C');
INSERT INTO INVOICE (inv_no, job_id, inv_date, inv_total, inv_status) VALUES ('IN0004', 'JB0007', '2026-07-03', 12917.51, 'P');
INSERT INTO PAYMENT (pay_no, inv_no, pay_date, pay_amount, pay_method) VALUES ('PY0003', 'IN0004', '2026-07-03', 6846.53, 'R');
INSERT INTO INVOICE (inv_no, job_id, inv_date, inv_total, inv_status) VALUES ('IN0005', 'JB0008', '2026-07-03', 3782.12, 'S');
INSERT INTO PAYMENT (pay_no, inv_no, pay_date, pay_amount, pay_method) VALUES ('PY0004', 'IN0005', '2026-07-03', 3782.12, 'C');
INSERT INTO INVOICE (inv_no, job_id, inv_date, inv_total, inv_status) VALUES ('IN0006', 'JB0010', '2026-07-04', 11562.81, 'P');
INSERT INTO PAYMENT (pay_no, inv_no, pay_date, pay_amount, pay_method) VALUES ('PY0005', 'IN0006', '2026-07-04', 4581.48, 'Q');
INSERT INTO INVOICE (inv_no, job_id, inv_date, inv_total, inv_status) VALUES ('IN0007', 'JB0011', '2026-07-04', 10748.76, 'S');
INSERT INTO PAYMENT (pay_no, inv_no, pay_date, pay_amount, pay_method) VALUES ('PY0006', 'IN0007', '2026-07-04', 10748.76, 'C');
INSERT INTO INVOICE (inv_no, job_id, inv_date, inv_total, inv_status) VALUES ('IN0008', 'JB0012', '2026-07-04', 20396.97, 'S');
INSERT INTO PAYMENT (pay_no, inv_no, pay_date, pay_amount, pay_method) VALUES ('PY0007', 'IN0008', '2026-07-04', 20396.97, 'T');
INSERT INTO INVOICE (inv_no, job_id, inv_date, inv_total, inv_status) VALUES ('IN0009', 'JB0013', '2026-07-04', 20357.27, 'S');
INSERT INTO PAYMENT (pay_no, inv_no, pay_date, pay_amount, pay_method) VALUES ('PY0008', 'IN0009', '2026-07-04', 20357.27, 'C');
INSERT INTO INVOICE (inv_no, job_id, inv_date, inv_total, inv_status) VALUES ('IN0010', 'JB0014', '2026-07-04', 17248.99, 'S');
INSERT INTO PAYMENT (pay_no, inv_no, pay_date, pay_amount, pay_method) VALUES ('PY0009', 'IN0010', '2026-07-04', 17248.99, 'Q');
INSERT INTO INVOICE (inv_no, job_id, inv_date, inv_total, inv_status) VALUES ('IN0011', 'JB0015', '2026-07-05', 12458.08, 'S');
INSERT INTO PAYMENT (pay_no, inv_no, pay_date, pay_amount, pay_method) VALUES ('PY0010', 'IN0011', '2026-07-05', 12458.08, 'Q');
INSERT INTO INVOICE (inv_no, job_id, inv_date, inv_total, inv_status) VALUES ('IN0012', 'JB0016', '2026-07-05', 3197.97, 'U');
INSERT INTO INVOICE (inv_no, job_id, inv_date, inv_total, inv_status) VALUES ('IN0013', 'JB0017', '2026-07-05', 2468.74, 'S');
INSERT INTO PAYMENT (pay_no, inv_no, pay_date, pay_amount, pay_method) VALUES ('PY0011', 'IN0013', '2026-07-05', 2468.74, 'C');
INSERT INTO INVOICE (inv_no, job_id, inv_date, inv_total, inv_status) VALUES ('IN0014', 'JB0018', '2026-07-05', 10484.59, 'S');
INSERT INTO PAYMENT (pay_no, inv_no, pay_date, pay_amount, pay_method) VALUES ('PY0012', 'IN0014', '2026-07-05', 10484.59, 'C');
INSERT INTO INVOICE (inv_no, job_id, inv_date, inv_total, inv_status) VALUES ('IN0015', 'JB0019', '2026-07-05', 22884.60, 'S');
INSERT INTO PAYMENT (pay_no, inv_no, pay_date, pay_amount, pay_method) VALUES ('PY0013', 'IN0015', '2026-07-05', 22884.60, 'C');
INSERT INTO INVOICE (inv_no, job_id, inv_date, inv_total, inv_status) VALUES ('IN0016', 'JB0021', '2026-07-06', 10523.13, 'P');
INSERT INTO PAYMENT (pay_no, inv_no, pay_date, pay_amount, pay_method) VALUES ('PY0014', 'IN0016', '2026-07-06', 6251.53, 'T');
INSERT INTO INVOICE (inv_no, job_id, inv_date, inv_total, inv_status) VALUES ('IN0017', 'JB0023', '2026-07-06', 8211.90, 'S');
INSERT INTO PAYMENT (pay_no, inv_no, pay_date, pay_amount, pay_method) VALUES ('PY0015', 'IN0017', '2026-07-06', 8211.90, 'T');
INSERT INTO INVOICE (inv_no, job_id, inv_date, inv_total, inv_status) VALUES ('IN0018', 'JB0024', '2026-07-06', 23496.30, 'S');
INSERT INTO PAYMENT (pay_no, inv_no, pay_date, pay_amount, pay_method) VALUES ('PY0016', 'IN0018', '2026-07-06', 23496.30, 'R');
INSERT INTO INVOICE (inv_no, job_id, inv_date, inv_total, inv_status) VALUES ('IN0019', 'JB0025', '2026-07-07', 9475.33, 'U');
INSERT INTO INVOICE (inv_no, job_id, inv_date, inv_total, inv_status) VALUES ('IN0020', 'JB0026', '2026-07-07', 8354.18, 'P');
INSERT INTO PAYMENT (pay_no, inv_no, pay_date, pay_amount, pay_method) VALUES ('PY0017', 'IN0020', '2026-07-07', 5783.83, 'Q');
INSERT INTO INVOICE (inv_no, job_id, inv_date, inv_total, inv_status) VALUES ('IN0021', 'JB0027', '2026-07-07', 17884.01, 'P');
INSERT INTO PAYMENT (pay_no, inv_no, pay_date, pay_amount, pay_method) VALUES ('PY0018', 'IN0021', '2026-07-07', 11170.34, 'C');
INSERT INTO INVOICE (inv_no, job_id, inv_date, inv_total, inv_status) VALUES ('IN0022', 'JB0028', '2026-07-07', 17271.08, 'P');
INSERT INTO PAYMENT (pay_no, inv_no, pay_date, pay_amount, pay_method) VALUES ('PY0019', 'IN0022', '2026-07-07', 11700.16, 'C');
INSERT INTO INVOICE (inv_no, job_id, inv_date, inv_total, inv_status) VALUES ('IN0023', 'JB0029', '2026-07-07', 9052.33, 'S');
INSERT INTO PAYMENT (pay_no, inv_no, pay_date, pay_amount, pay_method) VALUES ('PY0020', 'IN0023', '2026-07-07', 9052.33, 'C');
INSERT INTO INVOICE (inv_no, job_id, inv_date, inv_total, inv_status) VALUES ('IN0024', 'JB0030', '2026-07-08', 8359.49, 'P');
INSERT INTO PAYMENT (pay_no, inv_no, pay_date, pay_amount, pay_method) VALUES ('PY0021', 'IN0024', '2026-07-08', 5469.75, 'T');
INSERT INTO INVOICE (inv_no, job_id, inv_date, inv_total, inv_status) VALUES ('IN0025', 'JB0031', '2026-07-08', 18284.43, 'U');
INSERT INTO INVOICE (inv_no, job_id, inv_date, inv_total, inv_status) VALUES ('IN0026', 'JB0032', '2026-07-08', 4359.52, 'S');
INSERT INTO PAYMENT (pay_no, inv_no, pay_date, pay_amount, pay_method) VALUES ('PY0022', 'IN0026', '2026-07-08', 4359.52, 'Q');
INSERT INTO INVOICE (inv_no, job_id, inv_date, inv_total, inv_status) VALUES ('IN0027', 'JB0033', '2026-07-08', 23644.46, 'S');
INSERT INTO PAYMENT (pay_no, inv_no, pay_date, pay_amount, pay_method) VALUES ('PY0023', 'IN0027', '2026-07-08', 23644.46, 'R');
INSERT INTO INVOICE (inv_no, job_id, inv_date, inv_total, inv_status) VALUES ('IN0028', 'JB0034', '2026-07-08', 5489.72, 'S');
INSERT INTO PAYMENT (pay_no, inv_no, pay_date, pay_amount, pay_method) VALUES ('PY0024', 'IN0028', '2026-07-08', 5489.72, 'C');
INSERT INTO INVOICE (inv_no, job_id, inv_date, inv_total, inv_status) VALUES ('IN0029', 'JB0035', '2026-07-09', 22895.60, 'U');
INSERT INTO INVOICE (inv_no, job_id, inv_date, inv_total, inv_status) VALUES ('IN0030', 'JB0036', '2026-07-09', 23794.57, 'S');
INSERT INTO PAYMENT (pay_no, inv_no, pay_date, pay_amount, pay_method) VALUES ('PY0025', 'IN0030', '2026-07-09', 23794.57, 'C');
INSERT INTO INVOICE (inv_no, job_id, inv_date, inv_total, inv_status) VALUES ('IN0031', 'JB0037', '2026-07-09', 2061.54, 'P');
INSERT INTO PAYMENT (pay_no, inv_no, pay_date, pay_amount, pay_method) VALUES ('PY0026', 'IN0031', '2026-07-09', 978.78, 'Q');
INSERT INTO INVOICE (inv_no, job_id, inv_date, inv_total, inv_status) VALUES ('IN0032', 'JB0038', '2026-07-09', 21770.95, 'P');
INSERT INTO PAYMENT (pay_no, inv_no, pay_date, pay_amount, pay_method) VALUES ('PY0027', 'IN0032', '2026-07-09', 14322.13, 'Q');
INSERT INTO INVOICE (inv_no, job_id, inv_date, inv_total, inv_status) VALUES ('IN0033', 'JB0039', '2026-07-10', 16895.60, 'S');
INSERT INTO PAYMENT (pay_no, inv_no, pay_date, pay_amount, pay_method) VALUES ('PY0028', 'IN0033', '2026-07-10', 16895.60, 'R');
INSERT INTO INVOICE (inv_no, job_id, inv_date, inv_total, inv_status) VALUES ('IN0034', 'JB0040', '2026-07-10', 23187.43, 'S');
INSERT INTO PAYMENT (pay_no, inv_no, pay_date, pay_amount, pay_method) VALUES ('PY0029', 'IN0034', '2026-07-10', 23187.43, 'Q');
INSERT INTO INVOICE (inv_no, job_id, inv_date, inv_total, inv_status) VALUES ('IN0035', 'JB0041', '2026-07-10', 13357.29, 'S');
INSERT INTO PAYMENT (pay_no, inv_no, pay_date, pay_amount, pay_method) VALUES ('PY0030', 'IN0035', '2026-07-10', 13357.29, 'T');
INSERT INTO INVOICE (inv_no, job_id, inv_date, inv_total, inv_status) VALUES ('IN0036', 'JB0042', '2026-07-10', 7265.26, 'U');
INSERT INTO INVOICE (inv_no, job_id, inv_date, inv_total, inv_status) VALUES ('IN0037', 'JB0043', '2026-07-10', 13936.17, 'P');
INSERT INTO PAYMENT (pay_no, inv_no, pay_date, pay_amount, pay_method) VALUES ('PY0031', 'IN0037', '2026-07-10', 4620.83, 'R');
INSERT INTO INVOICE (inv_no, job_id, inv_date, inv_total, inv_status) VALUES ('IN0038', 'JB0045', '2026-07-11', 17239.42, 'S');
INSERT INTO PAYMENT (pay_no, inv_no, pay_date, pay_amount, pay_method) VALUES ('PY0032', 'IN0038', '2026-07-11', 17239.42, 'T');
INSERT INTO INVOICE (inv_no, job_id, inv_date, inv_total, inv_status) VALUES ('IN0039', 'JB0046', '2026-07-11', 24314.25, 'S');
INSERT INTO PAYMENT (pay_no, inv_no, pay_date, pay_amount, pay_method) VALUES ('PY0033', 'IN0039', '2026-07-11', 24314.25, 'T');
INSERT INTO INVOICE (inv_no, job_id, inv_date, inv_total, inv_status) VALUES ('IN0040', 'JB0047', '2026-07-11', 10320.93, 'P');
INSERT INTO PAYMENT (pay_no, inv_no, pay_date, pay_amount, pay_method) VALUES ('PY0034', 'IN0040', '2026-07-11', 4361.61, 'Q');
INSERT INTO INVOICE (inv_no, job_id, inv_date, inv_total, inv_status) VALUES ('IN0041', 'JB0048', '2026-07-11', 12076.67, 'S');
INSERT INTO PAYMENT (pay_no, inv_no, pay_date, pay_amount, pay_method) VALUES ('PY0035', 'IN0041', '2026-07-11', 12076.67, 'Q');
INSERT INTO INVOICE (inv_no, job_id, inv_date, inv_total, inv_status) VALUES ('IN0042', 'JB0049', '2026-07-11', 2314.51, 'S');
INSERT INTO PAYMENT (pay_no, inv_no, pay_date, pay_amount, pay_method) VALUES ('PY0036', 'IN0042', '2026-07-11', 2314.51, 'C');
INSERT INTO INVOICE (inv_no, job_id, inv_date, inv_total, inv_status) VALUES ('IN0043', 'JB0050', '2026-07-11', 23451.02, 'P');
INSERT INTO PAYMENT (pay_no, inv_no, pay_date, pay_amount, pay_method) VALUES ('PY0037', 'IN0043', '2026-07-11', 15586.55, 'Q');
INSERT INTO INVOICE (inv_no, job_id, inv_date, inv_total, inv_status) VALUES ('IN0044', 'JB0051', '2026-07-12', 6384.04, 'S');
INSERT INTO PAYMENT (pay_no, inv_no, pay_date, pay_amount, pay_method) VALUES ('PY0038', 'IN0044', '2026-07-12', 6384.04, 'C');
INSERT INTO INVOICE (inv_no, job_id, inv_date, inv_total, inv_status) VALUES ('IN0045', 'JB0052', '2026-07-12', 8144.97, 'S');
INSERT INTO PAYMENT (pay_no, inv_no, pay_date, pay_amount, pay_method) VALUES ('PY0039', 'IN0045', '2026-07-12', 8144.97, 'Q');
INSERT INTO INVOICE (inv_no, job_id, inv_date, inv_total, inv_status) VALUES ('IN0046', 'JB0053', '2026-07-12', 13139.85, 'S');
INSERT INTO PAYMENT (pay_no, inv_no, pay_date, pay_amount, pay_method) VALUES ('PY0040', 'IN0046', '2026-07-12', 13139.85, 'R');
INSERT INTO INVOICE (inv_no, job_id, inv_date, inv_total, inv_status) VALUES ('IN0047', 'JB0054', '2026-07-12', 7492.53, 'U');
INSERT INTO INVOICE (inv_no, job_id, inv_date, inv_total, inv_status) VALUES ('IN0048', 'JB0055', '2026-07-12', 20662.40, 'S');
INSERT INTO PAYMENT (pay_no, inv_no, pay_date, pay_amount, pay_method) VALUES ('PY0041', 'IN0048', '2026-07-12', 20662.40, 'Q');
INSERT INTO INVOICE (inv_no, job_id, inv_date, inv_total, inv_status) VALUES ('IN0049', 'JB0057', '2026-07-13', 17059.97, 'S');
INSERT INTO PAYMENT (pay_no, inv_no, pay_date, pay_amount, pay_method) VALUES ('PY0042', 'IN0049', '2026-07-13', 17059.97, 'C');
INSERT INTO INVOICE (inv_no, job_id, inv_date, inv_total, inv_status) VALUES ('IN0050', 'JB0058', '2026-07-13', 21603.85, 'S');
INSERT INTO PAYMENT (pay_no, inv_no, pay_date, pay_amount, pay_method) VALUES ('PY0043', 'IN0050', '2026-07-13', 21603.85, 'T');
INSERT INTO INVOICE (inv_no, job_id, inv_date, inv_total, inv_status) VALUES ('IN0051', 'JB0059', '2026-07-13', 17741.19, 'S');
INSERT INTO PAYMENT (pay_no, inv_no, pay_date, pay_amount, pay_method) VALUES ('PY0044', 'IN0051', '2026-07-13', 17741.19, 'C');
INSERT INTO INVOICE (inv_no, job_id, inv_date, inv_total, inv_status) VALUES ('IN0052', 'JB0060', '2026-07-13', 22778.75, 'P');
INSERT INTO PAYMENT (pay_no, inv_no, pay_date, pay_amount, pay_method) VALUES ('PY0045', 'IN0052', '2026-07-13', 13020.90, 'T');
INSERT INTO INVOICE (inv_no, job_id, inv_date, inv_total, inv_status) VALUES ('IN0053', 'JB0061', '2026-07-13', 11477.19, 'S');
INSERT INTO PAYMENT (pay_no, inv_no, pay_date, pay_amount, pay_method) VALUES ('PY0046', 'IN0053', '2026-07-13', 11477.19, 'C');
INSERT INTO INVOICE (inv_no, job_id, inv_date, inv_total, inv_status) VALUES ('IN0054', 'JB0062', '2026-07-13', 7340.33, 'S');
INSERT INTO PAYMENT (pay_no, inv_no, pay_date, pay_amount, pay_method) VALUES ('PY0047', 'IN0054', '2026-07-13', 7340.33, 'T');
INSERT INTO INVOICE (inv_no, job_id, inv_date, inv_total, inv_status) VALUES ('IN0055', 'JB0063', '2026-07-13', 5633.44, 'S');
INSERT INTO PAYMENT (pay_no, inv_no, pay_date, pay_amount, pay_method) VALUES ('PY0048', 'IN0055', '2026-07-13', 5633.44, 'T');
INSERT INTO INVOICE (inv_no, job_id, inv_date, inv_total, inv_status) VALUES ('IN0056', 'JB0064', '2026-07-14', 24985.59, 'S');
INSERT INTO PAYMENT (pay_no, inv_no, pay_date, pay_amount, pay_method) VALUES ('PY0049', 'IN0056', '2026-07-14', 24985.59, 'C');
INSERT INTO INVOICE (inv_no, job_id, inv_date, inv_total, inv_status) VALUES ('IN0057', 'JB0066', '2026-07-14', 19127.38, 'S');
INSERT INTO PAYMENT (pay_no, inv_no, pay_date, pay_amount, pay_method) VALUES ('PY0050', 'IN0057', '2026-07-14', 19127.38, 'R');
INSERT INTO INVOICE (inv_no, job_id, inv_date, inv_total, inv_status) VALUES ('IN0058', 'JB0067', '2026-07-14', 20444.44, 'S');
INSERT INTO PAYMENT (pay_no, inv_no, pay_date, pay_amount, pay_method) VALUES ('PY0051', 'IN0058', '2026-07-14', 20444.44, 'Q');
INSERT INTO INVOICE (inv_no, job_id, inv_date, inv_total, inv_status) VALUES ('IN0059', 'JB0068', '2026-07-14', 16865.83, 'U');
INSERT INTO INVOICE (inv_no, job_id, inv_date, inv_total, inv_status) VALUES ('IN0060', 'JB0070', '2026-07-15', 21100.87, 'S');
INSERT INTO PAYMENT (pay_no, inv_no, pay_date, pay_amount, pay_method) VALUES ('PY0052', 'IN0060', '2026-07-15', 21100.87, 'T');
INSERT INTO INVOICE (inv_no, job_id, inv_date, inv_total, inv_status) VALUES ('IN0061', 'JB0071', '2026-07-15', 3731.89, 'P');
INSERT INTO PAYMENT (pay_no, inv_no, pay_date, pay_amount, pay_method) VALUES ('PY0053', 'IN0061', '2026-07-15', 1439.87, 'T');
INSERT INTO INVOICE (inv_no, job_id, inv_date, inv_total, inv_status) VALUES ('IN0062', 'JB0073', '2026-07-15', 15444.88, 'P');
INSERT INTO PAYMENT (pay_no, inv_no, pay_date, pay_amount, pay_method) VALUES ('PY0054', 'IN0062', '2026-07-15', 10802.95, 'R');
INSERT INTO INVOICE (inv_no, job_id, inv_date, inv_total, inv_status) VALUES ('IN0063', 'JB0074', '2026-07-15', 3453.99, 'S');
INSERT INTO PAYMENT (pay_no, inv_no, pay_date, pay_amount, pay_method) VALUES ('PY0055', 'IN0063', '2026-07-15', 3453.99, 'C');
INSERT INTO INVOICE (inv_no, job_id, inv_date, inv_total, inv_status) VALUES ('IN0064', 'JB0076', '2026-07-15', 23835.76, 'S');
INSERT INTO PAYMENT (pay_no, inv_no, pay_date, pay_amount, pay_method) VALUES ('PY0056', 'IN0064', '2026-07-15', 23835.76, 'Q');
INSERT INTO INVOICE (inv_no, job_id, inv_date, inv_total, inv_status) VALUES ('IN0065', 'JB0077', '2026-07-16', 23598.22, 'U');
INSERT INTO INVOICE (inv_no, job_id, inv_date, inv_total, inv_status) VALUES ('IN0066', 'JB0080', '2026-07-16', 2491.22, 'U');
INSERT INTO INVOICE (inv_no, job_id, inv_date, inv_total, inv_status) VALUES ('IN0067', 'JB0081', '2026-07-16', 15486.81, 'U');
INSERT INTO INVOICE (inv_no, job_id, inv_date, inv_total, inv_status) VALUES ('IN0068', 'JB0082', '2026-07-16', 4989.82, 'U');
INSERT INTO INVOICE (inv_no, job_id, inv_date, inv_total, inv_status) VALUES ('IN0069', 'JB0083', '2026-07-16', 15543.62, 'P');
INSERT INTO PAYMENT (pay_no, inv_no, pay_date, pay_amount, pay_method) VALUES ('PY0057', 'IN0069', '2026-07-16', 9074.62, 'T');
INSERT INTO INVOICE (inv_no, job_id, inv_date, inv_total, inv_status) VALUES ('IN0070', 'JB0084', '2026-07-16', 12953.66, 'U');
INSERT INTO INVOICE (inv_no, job_id, inv_date, inv_total, inv_status) VALUES ('IN0071', 'JB0085', '2026-07-16', 20014.22, 'U');
INSERT INTO INVOICE (inv_no, job_id, inv_date, inv_total, inv_status) VALUES ('IN0072', 'JB0086', '2026-07-17', 18385.23, 'P');
INSERT INTO PAYMENT (pay_no, inv_no, pay_date, pay_amount, pay_method) VALUES ('PY0058', 'IN0072', '2026-07-17', 12335.20, 'R');
INSERT INTO INVOICE (inv_no, job_id, inv_date, inv_total, inv_status) VALUES ('IN0073', 'JB0088', '2026-07-17', 4281.10, 'P');
INSERT INTO PAYMENT (pay_no, inv_no, pay_date, pay_amount, pay_method) VALUES ('PY0059', 'IN0073', '2026-07-17', 2155.54, 'C');
INSERT INTO INVOICE (inv_no, job_id, inv_date, inv_total, inv_status) VALUES ('IN0074', 'JB0089', '2026-07-17', 11517.71, 'U');
INSERT INTO INVOICE (inv_no, job_id, inv_date, inv_total, inv_status) VALUES ('IN0075', 'JB0090', '2026-07-17', 23932.63, 'P');
INSERT INTO PAYMENT (pay_no, inv_no, pay_date, pay_amount, pay_method) VALUES ('PY0060', 'IN0075', '2026-07-17', 9446.08, 'Q');
INSERT INTO INVOICE (inv_no, job_id, inv_date, inv_total, inv_status) VALUES ('IN0076', 'JB0092', '2026-07-17', 22092.97, 'S');
INSERT INTO PAYMENT (pay_no, inv_no, pay_date, pay_amount, pay_method) VALUES ('PY0061', 'IN0076', '2026-07-17', 22092.97, 'T');
INSERT INTO INVOICE (inv_no, job_id, inv_date, inv_total, inv_status) VALUES ('IN0077', 'JB0093', '2026-07-17', 6892.99, 'S');
INSERT INTO PAYMENT (pay_no, inv_no, pay_date, pay_amount, pay_method) VALUES ('PY0062', 'IN0077', '2026-07-17', 6892.99, 'R');
INSERT INTO INVOICE (inv_no, job_id, inv_date, inv_total, inv_status) VALUES ('IN0078', 'JB0095', '2026-07-18', 17949.84, 'P');
INSERT INTO PAYMENT (pay_no, inv_no, pay_date, pay_amount, pay_method) VALUES ('PY0063', 'IN0078', '2026-07-18', 6003.97, 'T');
INSERT INTO INVOICE (inv_no, job_id, inv_date, inv_total, inv_status) VALUES ('IN0079', 'JB0098', '2026-07-18', 19867.22, 'S');
INSERT INTO PAYMENT (pay_no, inv_no, pay_date, pay_amount, pay_method) VALUES ('PY0064', 'IN0079', '2026-07-18', 19867.22, 'Q');
INSERT INTO INVOICE (inv_no, job_id, inv_date, inv_total, inv_status) VALUES ('IN0080', 'JB0099', '2026-07-18', 17224.59, 'S');
INSERT INTO PAYMENT (pay_no, inv_no, pay_date, pay_amount, pay_method) VALUES ('PY0065', 'IN0080', '2026-07-18', 17224.59, 'Q');
INSERT INTO INVOICE (inv_no, job_id, inv_date, inv_total, inv_status) VALUES ('IN0081', 'JB0100', '2026-07-18', 17599.01, 'U');
INSERT INTO INVOICE (inv_no, job_id, inv_date, inv_total, inv_status) VALUES ('IN0082', 'JB0102', '2026-07-19', 13439.86, 'S');
INSERT INTO PAYMENT (pay_no, inv_no, pay_date, pay_amount, pay_method) VALUES ('PY0066', 'IN0082', '2026-07-19', 13439.86, 'T');
INSERT INTO INVOICE (inv_no, job_id, inv_date, inv_total, inv_status) VALUES ('IN0083', 'JB0103', '2026-07-19', 20542.60, 'P');
INSERT INTO PAYMENT (pay_no, inv_no, pay_date, pay_amount, pay_method) VALUES ('PY0067', 'IN0083', '2026-07-19', 9860.24, 'T');
INSERT INTO INVOICE (inv_no, job_id, inv_date, inv_total, inv_status) VALUES ('IN0084', 'JB0104', '2026-07-19', 9200.39, 'S');
INSERT INTO PAYMENT (pay_no, inv_no, pay_date, pay_amount, pay_method) VALUES ('PY0068', 'IN0084', '2026-07-19', 9200.39, 'R');
INSERT INTO INVOICE (inv_no, job_id, inv_date, inv_total, inv_status) VALUES ('IN0085', 'JB0105', '2026-07-19', 5953.08, 'P');
INSERT INTO PAYMENT (pay_no, inv_no, pay_date, pay_amount, pay_method) VALUES ('PY0069', 'IN0085', '2026-07-19', 2093.18, 'C');
INSERT INTO INVOICE (inv_no, job_id, inv_date, inv_total, inv_status) VALUES ('IN0086', 'JB0106', '2026-07-19', 15544.04, 'U');
INSERT INTO INVOICE (inv_no, job_id, inv_date, inv_total, inv_status) VALUES ('IN0087', 'JB0107', '2026-07-19', 3756.73, 'S');
INSERT INTO PAYMENT (pay_no, inv_no, pay_date, pay_amount, pay_method) VALUES ('PY0070', 'IN0087', '2026-07-19', 3756.73, 'T');
INSERT INTO INVOICE (inv_no, job_id, inv_date, inv_total, inv_status) VALUES ('IN0088', 'JB0108', '2026-07-20', 6537.25, 'S');
INSERT INTO PAYMENT (pay_no, inv_no, pay_date, pay_amount, pay_method) VALUES ('PY0071', 'IN0088', '2026-07-20', 6537.25, 'T');
INSERT INTO INVOICE (inv_no, job_id, inv_date, inv_total, inv_status) VALUES ('IN0089', 'JB0109', '2026-07-20', 15327.77, 'U');
INSERT INTO INVOICE (inv_no, job_id, inv_date, inv_total, inv_status) VALUES ('IN0090', 'JB0110', '2026-07-20', 20315.58, 'S');
INSERT INTO PAYMENT (pay_no, inv_no, pay_date, pay_amount, pay_method) VALUES ('PY0072', 'IN0090', '2026-07-20', 20315.58, 'T');
INSERT INTO INVOICE (inv_no, job_id, inv_date, inv_total, inv_status) VALUES ('IN0091', 'JB0112', '2026-07-20', 20211.81, 'U');
INSERT INTO INVOICE (inv_no, job_id, inv_date, inv_total, inv_status) VALUES ('IN0092', 'JB0113', '2026-07-21', 12362.03, 'S');
INSERT INTO PAYMENT (pay_no, inv_no, pay_date, pay_amount, pay_method) VALUES ('PY0073', 'IN0092', '2026-07-21', 12362.03, 'T');
INSERT INTO INVOICE (inv_no, job_id, inv_date, inv_total, inv_status) VALUES ('IN0093', 'JB0114', '2026-07-21', 14053.58, 'S');
INSERT INTO PAYMENT (pay_no, inv_no, pay_date, pay_amount, pay_method) VALUES ('PY0074', 'IN0093', '2026-07-21', 14053.58, 'T');
INSERT INTO INVOICE (inv_no, job_id, inv_date, inv_total, inv_status) VALUES ('IN0094', 'JB0115', '2026-07-21', 3204.41, 'P');
INSERT INTO PAYMENT (pay_no, inv_no, pay_date, pay_amount, pay_method) VALUES ('PY0075', 'IN0094', '2026-07-21', 1081.08, 'R');
INSERT INTO INVOICE (inv_no, job_id, inv_date, inv_total, inv_status) VALUES ('IN0095', 'JB0116', '2026-07-21', 17100.97, 'S');
INSERT INTO PAYMENT (pay_no, inv_no, pay_date, pay_amount, pay_method) VALUES ('PY0076', 'IN0095', '2026-07-21', 17100.97, 'R');
INSERT INTO INVOICE (inv_no, job_id, inv_date, inv_total, inv_status) VALUES ('IN0096', 'JB0118', '2026-07-21', 4939.26, 'S');
INSERT INTO PAYMENT (pay_no, inv_no, pay_date, pay_amount, pay_method) VALUES ('PY0077', 'IN0096', '2026-07-21', 4939.26, 'T');
INSERT INTO INVOICE (inv_no, job_id, inv_date, inv_total, inv_status) VALUES ('IN0097', 'JB0121', '2026-07-22', 16214.72, 'U');
INSERT INTO INVOICE (inv_no, job_id, inv_date, inv_total, inv_status) VALUES ('IN0098', 'JB0122', '2026-07-22', 10378.89, 'S');
INSERT INTO PAYMENT (pay_no, inv_no, pay_date, pay_amount, pay_method) VALUES ('PY0078', 'IN0098', '2026-07-22', 10378.89, 'C');
INSERT INTO INVOICE (inv_no, job_id, inv_date, inv_total, inv_status) VALUES ('IN0099', 'JB0123', '2026-07-22', 12787.36, 'S');
INSERT INTO PAYMENT (pay_no, inv_no, pay_date, pay_amount, pay_method) VALUES ('PY0079', 'IN0099', '2026-07-22', 12787.36, 'T');
INSERT INTO INVOICE (inv_no, job_id, inv_date, inv_total, inv_status) VALUES ('IN0100', 'JB0124', '2026-07-22', 11629.20, 'P');
INSERT INTO PAYMENT (pay_no, inv_no, pay_date, pay_amount, pay_method) VALUES ('PY0080', 'IN0100', '2026-07-22', 7056.41, 'Q');
INSERT INTO INVOICE (inv_no, job_id, inv_date, inv_total, inv_status) VALUES ('IN0101', 'JB0125', '2026-07-23', 4359.56, 'P');
INSERT INTO PAYMENT (pay_no, inv_no, pay_date, pay_amount, pay_method) VALUES ('PY0081', 'IN0101', '2026-07-23', 1360.68, 'T');
INSERT INTO INVOICE (inv_no, job_id, inv_date, inv_total, inv_status) VALUES ('IN0102', 'JB0127', '2026-07-23', 11542.63, 'P');
INSERT INTO PAYMENT (pay_no, inv_no, pay_date, pay_amount, pay_method) VALUES ('PY0082', 'IN0102', '2026-07-23', 4857.57, 'R');

-- ATTENDANCE (past 20 days for each employee, weekdays only, mostly clocked out; today may be open)
INSERT INTO ATTENDANCE (att_id, emp_no, clock_in, clock_out, att_date, total_hours) VALUES ('AT0001', 'EM0001', '2026-07-03 08:21:00', '2026-07-03 16:04:05.799289', '2026-07-03', 7.72);
INSERT INTO ATTENDANCE (att_id, emp_no, clock_in, clock_out, att_date, total_hours) VALUES ('AT0002', 'EM0001', '2026-07-06 08:22:00', '2026-07-06 15:02:47.060756', '2026-07-06', 6.68);
INSERT INTO ATTENDANCE (att_id, emp_no, clock_in, clock_out, att_date, total_hours) VALUES ('AT0003', 'EM0001', '2026-07-07 08:15:00', '2026-07-07 16:08:35.975304', '2026-07-07', 7.89);
INSERT INTO ATTENDANCE (att_id, emp_no, clock_in, clock_out, att_date, total_hours) VALUES ('AT0004', 'EM0001', '2026-07-08 08:04:00', '2026-07-08 15:30:15.890992', '2026-07-08', 7.44);
INSERT INTO ATTENDANCE (att_id, emp_no, clock_in, clock_out, att_date, total_hours) VALUES ('AT0005', 'EM0001', '2026-07-09 08:23:00', '2026-07-09 17:50:50.652390', '2026-07-09', 9.46);
INSERT INTO ATTENDANCE (att_id, emp_no, clock_in, clock_out, att_date, total_hours) VALUES ('AT0006', 'EM0001', '2026-07-10 08:12:00', '2026-07-10 15:05:32.274437', '2026-07-10', 6.89);
INSERT INTO ATTENDANCE (att_id, emp_no, clock_in, clock_out, att_date, total_hours) VALUES ('AT0007', 'EM0001', '2026-07-13 08:17:00', '2026-07-13 15:06:06.786483', '2026-07-13', 6.82);
INSERT INTO ATTENDANCE (att_id, emp_no, clock_in, clock_out, att_date, total_hours) VALUES ('AT0008', 'EM0001', '2026-07-14 08:03:00', '2026-07-14 15:21:08.694084', '2026-07-14', 7.3);
INSERT INTO ATTENDANCE (att_id, emp_no, clock_in, clock_out, att_date, total_hours) VALUES ('AT0009', 'EM0001', '2026-07-15 08:03:00', '2026-07-15 14:42:06.537151', '2026-07-15', 6.65);
INSERT INTO ATTENDANCE (att_id, emp_no, clock_in, clock_out, att_date, total_hours) VALUES ('AT0010', 'EM0001', '2026-07-16 08:27:00', '2026-07-16 16:47:46.076397', '2026-07-16', 8.35);
INSERT INTO ATTENDANCE (att_id, emp_no, clock_in, clock_out, att_date, total_hours) VALUES ('AT0011', 'EM0001', '2026-07-17 08:27:00', '2026-07-17 17:39:24.956932', '2026-07-17', 9.21);
INSERT INTO ATTENDANCE (att_id, emp_no, clock_in, clock_out, att_date, total_hours) VALUES ('AT0012', 'EM0001', '2026-07-20 08:29:00', '2026-07-20 16:42:59.020009', '2026-07-20', 8.23);
INSERT INTO ATTENDANCE (att_id, emp_no, clock_in, clock_out, att_date, total_hours) VALUES ('AT0013', 'EM0001', '2026-07-21 08:24:00', '2026-07-21 15:22:40.898048', '2026-07-21', 6.98);
INSERT INTO ATTENDANCE (att_id, emp_no, clock_in, clock_out, att_date, total_hours) VALUES ('AT0014', 'EM0001', '2026-07-22 08:14:00', '2026-07-22 16:13:46.604851', '2026-07-22', 8.0);
INSERT INTO ATTENDANCE (att_id, emp_no, clock_in, clock_out, att_date, total_hours) VALUES ('AT0015', 'EM0001', '2026-07-23 08:00:00', NULL, '2026-07-23', NULL);
INSERT INTO ATTENDANCE (att_id, emp_no, clock_in, clock_out, att_date, total_hours) VALUES ('AT0016', 'EM0002', '2026-07-03 08:14:00', '2026-07-03 17:38:00.215610', '2026-07-03', 9.4);
INSERT INTO ATTENDANCE (att_id, emp_no, clock_in, clock_out, att_date, total_hours) VALUES ('AT0017', 'EM0002', '2026-07-06 08:11:00', '2026-07-06 14:49:45.507836', '2026-07-06', 6.65);
INSERT INTO ATTENDANCE (att_id, emp_no, clock_in, clock_out, att_date, total_hours) VALUES ('AT0018', 'EM0002', '2026-07-07 08:19:00', '2026-07-07 17:27:49.266345', '2026-07-07', 9.15);
INSERT INTO ATTENDANCE (att_id, emp_no, clock_in, clock_out, att_date, total_hours) VALUES ('AT0019', 'EM0002', '2026-07-08 08:15:00', '2026-07-08 15:36:26.082520', '2026-07-08', 7.36);
INSERT INTO ATTENDANCE (att_id, emp_no, clock_in, clock_out, att_date, total_hours) VALUES ('AT0020', 'EM0002', '2026-07-10 08:04:00', '2026-07-10 17:12:50.521894', '2026-07-10', 9.15);
INSERT INTO ATTENDANCE (att_id, emp_no, clock_in, clock_out, att_date, total_hours) VALUES ('AT0021', 'EM0002', '2026-07-13 08:24:00', '2026-07-13 16:06:35.143979', '2026-07-13', 7.71);
INSERT INTO ATTENDANCE (att_id, emp_no, clock_in, clock_out, att_date, total_hours) VALUES ('AT0022', 'EM0002', '2026-07-16 08:11:00', '2026-07-16 16:20:34.807608', '2026-07-16', 8.16);
INSERT INTO ATTENDANCE (att_id, emp_no, clock_in, clock_out, att_date, total_hours) VALUES ('AT0023', 'EM0002', '2026-07-20 08:24:00', '2026-07-20 16:32:58.456567', '2026-07-20', 8.15);
INSERT INTO ATTENDANCE (att_id, emp_no, clock_in, clock_out, att_date, total_hours) VALUES ('AT0024', 'EM0002', '2026-07-21 08:19:00', '2026-07-21 16:51:28.305313', '2026-07-21', 8.54);
INSERT INTO ATTENDANCE (att_id, emp_no, clock_in, clock_out, att_date, total_hours) VALUES ('AT0025', 'EM0002', '2026-07-22 08:03:00', '2026-07-22 15:43:54.160097', '2026-07-22', 7.68);
INSERT INTO ATTENDANCE (att_id, emp_no, clock_in, clock_out, att_date, total_hours) VALUES ('AT0026', 'EM0002', '2026-07-23 08:10:00', '2026-07-23 15:45:48.548831', '2026-07-23', 7.6);
INSERT INTO ATTENDANCE (att_id, emp_no, clock_in, clock_out, att_date, total_hours) VALUES ('AT0027', 'EM0003', '2026-07-03 08:19:00', '2026-07-03 16:20:38.523175', '2026-07-03', 8.03);
INSERT INTO ATTENDANCE (att_id, emp_no, clock_in, clock_out, att_date, total_hours) VALUES ('AT0028', 'EM0003', '2026-07-06 08:01:00', '2026-07-06 14:38:00.270835', '2026-07-06', 6.62);
INSERT INTO ATTENDANCE (att_id, emp_no, clock_in, clock_out, att_date, total_hours) VALUES ('AT0029', 'EM0003', '2026-07-07 08:25:00', '2026-07-07 16:20:16.436824', '2026-07-07', 7.92);
INSERT INTO ATTENDANCE (att_id, emp_no, clock_in, clock_out, att_date, total_hours) VALUES ('AT0030', 'EM0003', '2026-07-08 08:19:00', '2026-07-08 17:29:45.822274', '2026-07-08', 9.18);
INSERT INTO ATTENDANCE (att_id, emp_no, clock_in, clock_out, att_date, total_hours) VALUES ('AT0031', 'EM0003', '2026-07-09 08:29:00', '2026-07-09 16:49:21.135707', '2026-07-09', 8.34);
INSERT INTO ATTENDANCE (att_id, emp_no, clock_in, clock_out, att_date, total_hours) VALUES ('AT0032', 'EM0003', '2026-07-10 08:19:00', '2026-07-10 17:02:04.649094', '2026-07-10', 8.72);
INSERT INTO ATTENDANCE (att_id, emp_no, clock_in, clock_out, att_date, total_hours) VALUES ('AT0033', 'EM0003', '2026-07-13 08:10:00', '2026-07-13 16:11:19.001851', '2026-07-13', 8.02);
INSERT INTO ATTENDANCE (att_id, emp_no, clock_in, clock_out, att_date, total_hours) VALUES ('AT0034', 'EM0003', '2026-07-14 08:15:00', '2026-07-14 16:52:34.389910', '2026-07-14', 8.63);
INSERT INTO ATTENDANCE (att_id, emp_no, clock_in, clock_out, att_date, total_hours) VALUES ('AT0035', 'EM0003', '2026-07-15 08:26:00', '2026-07-15 14:58:59.679119', '2026-07-15', 6.55);
INSERT INTO ATTENDANCE (att_id, emp_no, clock_in, clock_out, att_date, total_hours) VALUES ('AT0036', 'EM0003', '2026-07-16 08:03:00', '2026-07-16 17:29:22.898737', '2026-07-16', 9.44);
INSERT INTO ATTENDANCE (att_id, emp_no, clock_in, clock_out, att_date, total_hours) VALUES ('AT0037', 'EM0003', '2026-07-17 08:25:00', '2026-07-17 17:36:46.684725', '2026-07-17', 9.2);
INSERT INTO ATTENDANCE (att_id, emp_no, clock_in, clock_out, att_date, total_hours) VALUES ('AT0038', 'EM0003', '2026-07-20 08:20:00', '2026-07-20 14:54:47.789274', '2026-07-20', 6.58);
INSERT INTO ATTENDANCE (att_id, emp_no, clock_in, clock_out, att_date, total_hours) VALUES ('AT0039', 'EM0003', '2026-07-21 08:30:00', '2026-07-21 16:58:00.382500', '2026-07-21', 8.47);
INSERT INTO ATTENDANCE (att_id, emp_no, clock_in, clock_out, att_date, total_hours) VALUES ('AT0040', 'EM0003', '2026-07-22 08:18:00', '2026-07-22 16:31:58.451475', '2026-07-22', 8.23);
INSERT INTO ATTENDANCE (att_id, emp_no, clock_in, clock_out, att_date, total_hours) VALUES ('AT0041', 'EM0003', '2026-07-23 08:18:00', '2026-07-23 16:22:21.709192', '2026-07-23', 8.07);
INSERT INTO ATTENDANCE (att_id, emp_no, clock_in, clock_out, att_date, total_hours) VALUES ('AT0042', 'EM0004', '2026-07-03 08:24:00', '2026-07-03 17:25:24.604950', '2026-07-03', 9.02);
INSERT INTO ATTENDANCE (att_id, emp_no, clock_in, clock_out, att_date, total_hours) VALUES ('AT0043', 'EM0004', '2026-07-06 08:21:00', '2026-07-06 15:34:35.722850', '2026-07-06', 7.23);
INSERT INTO ATTENDANCE (att_id, emp_no, clock_in, clock_out, att_date, total_hours) VALUES ('AT0044', 'EM0004', '2026-07-07 08:22:00', '2026-07-07 15:11:46.871630', '2026-07-07', 6.83);
INSERT INTO ATTENDANCE (att_id, emp_no, clock_in, clock_out, att_date, total_hours) VALUES ('AT0045', 'EM0004', '2026-07-09 08:04:00', '2026-07-09 15:48:19.969186', '2026-07-09', 7.74);
INSERT INTO ATTENDANCE (att_id, emp_no, clock_in, clock_out, att_date, total_hours) VALUES ('AT0046', 'EM0004', '2026-07-10 08:16:00', '2026-07-10 17:05:29.700860', '2026-07-10', 8.82);
INSERT INTO ATTENDANCE (att_id, emp_no, clock_in, clock_out, att_date, total_hours) VALUES ('AT0047', 'EM0004', '2026-07-13 08:27:00', '2026-07-13 17:29:42.471544', '2026-07-13', 9.05);
INSERT INTO ATTENDANCE (att_id, emp_no, clock_in, clock_out, att_date, total_hours) VALUES ('AT0048', 'EM0004', '2026-07-14 08:22:00', '2026-07-14 15:16:51.290846', '2026-07-14', 6.91);
INSERT INTO ATTENDANCE (att_id, emp_no, clock_in, clock_out, att_date, total_hours) VALUES ('AT0049', 'EM0004', '2026-07-15 08:10:00', '2026-07-15 17:39:39.726979', '2026-07-15', 9.49);
INSERT INTO ATTENDANCE (att_id, emp_no, clock_in, clock_out, att_date, total_hours) VALUES ('AT0050', 'EM0004', '2026-07-16 08:12:00', '2026-07-16 15:38:28.528066', '2026-07-16', 7.44);
INSERT INTO ATTENDANCE (att_id, emp_no, clock_in, clock_out, att_date, total_hours) VALUES ('AT0051', 'EM0004', '2026-07-17 08:29:00', '2026-07-17 16:34:57.772297', '2026-07-17', 8.1);
INSERT INTO ATTENDANCE (att_id, emp_no, clock_in, clock_out, att_date, total_hours) VALUES ('AT0052', 'EM0004', '2026-07-20 08:21:00', '2026-07-20 17:09:57.489669', '2026-07-20', 8.82);
INSERT INTO ATTENDANCE (att_id, emp_no, clock_in, clock_out, att_date, total_hours) VALUES ('AT0053', 'EM0004', '2026-07-21 08:20:00', '2026-07-21 17:14:39.447325', '2026-07-21', 8.91);
INSERT INTO ATTENDANCE (att_id, emp_no, clock_in, clock_out, att_date, total_hours) VALUES ('AT0054', 'EM0004', '2026-07-22 08:15:00', '2026-07-22 15:19:36.453027', '2026-07-22', 7.08);
INSERT INTO ATTENDANCE (att_id, emp_no, clock_in, clock_out, att_date, total_hours) VALUES ('AT0055', 'EM0004', '2026-07-23 08:17:00', NULL, '2026-07-23', NULL);
INSERT INTO ATTENDANCE (att_id, emp_no, clock_in, clock_out, att_date, total_hours) VALUES ('AT0056', 'EM0005', '2026-07-03 08:09:00', '2026-07-03 16:57:48.682106', '2026-07-03', 8.81);
INSERT INTO ATTENDANCE (att_id, emp_no, clock_in, clock_out, att_date, total_hours) VALUES ('AT0057', 'EM0005', '2026-07-06 08:22:00', '2026-07-06 16:58:53.873205', '2026-07-06', 8.61);
INSERT INTO ATTENDANCE (att_id, emp_no, clock_in, clock_out, att_date, total_hours) VALUES ('AT0058', 'EM0005', '2026-07-07 08:11:00', '2026-07-07 16:21:53.265975', '2026-07-07', 8.18);
INSERT INTO ATTENDANCE (att_id, emp_no, clock_in, clock_out, att_date, total_hours) VALUES ('AT0059', 'EM0005', '2026-07-08 08:23:00', '2026-07-08 15:42:13.341397', '2026-07-08', 7.32);
INSERT INTO ATTENDANCE (att_id, emp_no, clock_in, clock_out, att_date, total_hours) VALUES ('AT0060', 'EM0005', '2026-07-09 08:21:00', '2026-07-09 16:28:46.461471', '2026-07-09', 8.13);
INSERT INTO ATTENDANCE (att_id, emp_no, clock_in, clock_out, att_date, total_hours) VALUES ('AT0061', 'EM0005', '2026-07-10 08:12:00', '2026-07-10 17:09:18.476569', '2026-07-10', 8.96);
INSERT INTO ATTENDANCE (att_id, emp_no, clock_in, clock_out, att_date, total_hours) VALUES ('AT0062', 'EM0005', '2026-07-13 08:25:00', '2026-07-13 15:21:21.942117', '2026-07-13', 6.94);
INSERT INTO ATTENDANCE (att_id, emp_no, clock_in, clock_out, att_date, total_hours) VALUES ('AT0063', 'EM0005', '2026-07-15 08:02:00', '2026-07-15 15:34:20.725952', '2026-07-15', 7.54);
INSERT INTO ATTENDANCE (att_id, emp_no, clock_in, clock_out, att_date, total_hours) VALUES ('AT0064', 'EM0005', '2026-07-16 08:08:00', '2026-07-16 16:52:31.255797', '2026-07-16', 8.74);
INSERT INTO ATTENDANCE (att_id, emp_no, clock_in, clock_out, att_date, total_hours) VALUES ('AT0065', 'EM0005', '2026-07-17 08:26:00', '2026-07-17 16:32:56.641576', '2026-07-17', 8.12);
INSERT INTO ATTENDANCE (att_id, emp_no, clock_in, clock_out, att_date, total_hours) VALUES ('AT0066', 'EM0005', '2026-07-20 08:22:00', '2026-07-20 15:40:53.511840', '2026-07-20', 7.31);
INSERT INTO ATTENDANCE (att_id, emp_no, clock_in, clock_out, att_date, total_hours) VALUES ('AT0067', 'EM0005', '2026-07-21 08:23:00', '2026-07-21 16:38:37.769385', '2026-07-21', 8.26);
INSERT INTO ATTENDANCE (att_id, emp_no, clock_in, clock_out, att_date, total_hours) VALUES ('AT0068', 'EM0005', '2026-07-22 08:21:00', '2026-07-22 17:33:55.989262', '2026-07-22', 9.22);
INSERT INTO ATTENDANCE (att_id, emp_no, clock_in, clock_out, att_date, total_hours) VALUES ('AT0069', 'EM0005', '2026-07-23 08:07:00', NULL, '2026-07-23', NULL);
INSERT INTO ATTENDANCE (att_id, emp_no, clock_in, clock_out, att_date, total_hours) VALUES ('AT0070', 'EM0006', '2026-07-03 08:22:00', '2026-07-03 16:17:01.962196', '2026-07-03', 7.92);
INSERT INTO ATTENDANCE (att_id, emp_no, clock_in, clock_out, att_date, total_hours) VALUES ('AT0071', 'EM0006', '2026-07-06 08:04:00', '2026-07-06 14:34:55.959621', '2026-07-06', 6.52);
INSERT INTO ATTENDANCE (att_id, emp_no, clock_in, clock_out, att_date, total_hours) VALUES ('AT0072', 'EM0006', '2026-07-07 08:29:00', '2026-07-07 15:27:25.763623', '2026-07-07', 6.97);
INSERT INTO ATTENDANCE (att_id, emp_no, clock_in, clock_out, att_date, total_hours) VALUES ('AT0073', 'EM0006', '2026-07-08 08:28:00', '2026-07-08 17:36:06.715912', '2026-07-08', 9.14);
INSERT INTO ATTENDANCE (att_id, emp_no, clock_in, clock_out, att_date, total_hours) VALUES ('AT0074', 'EM0006', '2026-07-09 08:06:00', '2026-07-09 16:52:03.839442', '2026-07-09', 8.77);
INSERT INTO ATTENDANCE (att_id, emp_no, clock_in, clock_out, att_date, total_hours) VALUES ('AT0075', 'EM0006', '2026-07-10 08:09:00', '2026-07-10 16:35:15.697513', '2026-07-10', 8.44);
INSERT INTO ATTENDANCE (att_id, emp_no, clock_in, clock_out, att_date, total_hours) VALUES ('AT0076', 'EM0006', '2026-07-13 08:02:00', '2026-07-13 16:29:24.826289', '2026-07-13', 8.46);
INSERT INTO ATTENDANCE (att_id, emp_no, clock_in, clock_out, att_date, total_hours) VALUES ('AT0077', 'EM0006', '2026-07-14 08:23:00', '2026-07-14 17:03:09.670925', '2026-07-14', 8.67);
INSERT INTO ATTENDANCE (att_id, emp_no, clock_in, clock_out, att_date, total_hours) VALUES ('AT0078', 'EM0006', '2026-07-15 08:29:00', '2026-07-15 17:44:51.885524', '2026-07-15', 9.26);
INSERT INTO ATTENDANCE (att_id, emp_no, clock_in, clock_out, att_date, total_hours) VALUES ('AT0079', 'EM0006', '2026-07-16 08:26:00', '2026-07-16 15:27:38.518041', '2026-07-16', 7.03);
INSERT INTO ATTENDANCE (att_id, emp_no, clock_in, clock_out, att_date, total_hours) VALUES ('AT0080', 'EM0006', '2026-07-17 08:26:00', '2026-07-17 16:07:27.541402', '2026-07-17', 7.69);
INSERT INTO ATTENDANCE (att_id, emp_no, clock_in, clock_out, att_date, total_hours) VALUES ('AT0081', 'EM0006', '2026-07-20 08:29:00', '2026-07-20 17:13:49.234576', '2026-07-20', 8.75);
INSERT INTO ATTENDANCE (att_id, emp_no, clock_in, clock_out, att_date, total_hours) VALUES ('AT0082', 'EM0006', '2026-07-21 08:09:00', '2026-07-21 17:16:48.826214', '2026-07-21', 9.13);
INSERT INTO ATTENDANCE (att_id, emp_no, clock_in, clock_out, att_date, total_hours) VALUES ('AT0083', 'EM0006', '2026-07-23 08:03:00', '2026-07-23 15:33:18.454828', '2026-07-23', 7.51);
INSERT INTO ATTENDANCE (att_id, emp_no, clock_in, clock_out, att_date, total_hours) VALUES ('AT0084', 'EM0007', '2026-07-03 08:20:00', '2026-07-03 16:27:47.645222', '2026-07-03', 8.13);
INSERT INTO ATTENDANCE (att_id, emp_no, clock_in, clock_out, att_date, total_hours) VALUES ('AT0085', 'EM0007', '2026-07-06 08:30:00', '2026-07-06 15:24:09.359417', '2026-07-06', 6.9);
INSERT INTO ATTENDANCE (att_id, emp_no, clock_in, clock_out, att_date, total_hours) VALUES ('AT0086', 'EM0007', '2026-07-07 08:08:00', '2026-07-07 15:12:42.363101', '2026-07-07', 7.08);
INSERT INTO ATTENDANCE (att_id, emp_no, clock_in, clock_out, att_date, total_hours) VALUES ('AT0087', 'EM0007', '2026-07-08 08:05:00', '2026-07-08 16:46:36.087725', '2026-07-08', 8.69);
INSERT INTO ATTENDANCE (att_id, emp_no, clock_in, clock_out, att_date, total_hours) VALUES ('AT0088', 'EM0007', '2026-07-09 08:22:00', '2026-07-09 15:25:30.949947', '2026-07-09', 7.06);
INSERT INTO ATTENDANCE (att_id, emp_no, clock_in, clock_out, att_date, total_hours) VALUES ('AT0089', 'EM0007', '2026-07-10 08:25:00', '2026-07-10 15:48:06.261983', '2026-07-10', 7.39);
INSERT INTO ATTENDANCE (att_id, emp_no, clock_in, clock_out, att_date, total_hours) VALUES ('AT0090', 'EM0007', '2026-07-13 08:06:00', '2026-07-13 15:07:35.345069', '2026-07-13', 7.03);
INSERT INTO ATTENDANCE (att_id, emp_no, clock_in, clock_out, att_date, total_hours) VALUES ('AT0091', 'EM0007', '2026-07-14 08:28:00', '2026-07-14 16:10:59.296047', '2026-07-14', 7.72);
INSERT INTO ATTENDANCE (att_id, emp_no, clock_in, clock_out, att_date, total_hours) VALUES ('AT0092', 'EM0007', '2026-07-15 08:10:00', '2026-07-15 14:55:36.767914', '2026-07-15', 6.76);
INSERT INTO ATTENDANCE (att_id, emp_no, clock_in, clock_out, att_date, total_hours) VALUES ('AT0093', 'EM0007', '2026-07-16 08:05:00', '2026-07-16 17:31:42.200078', '2026-07-16', 9.45);
INSERT INTO ATTENDANCE (att_id, emp_no, clock_in, clock_out, att_date, total_hours) VALUES ('AT0094', 'EM0007', '2026-07-17 08:29:00', '2026-07-17 15:43:38.908504', '2026-07-17', 7.24);
INSERT INTO ATTENDANCE (att_id, emp_no, clock_in, clock_out, att_date, total_hours) VALUES ('AT0095', 'EM0007', '2026-07-20 08:07:00', '2026-07-20 15:57:24.743636', '2026-07-20', 7.84);
INSERT INTO ATTENDANCE (att_id, emp_no, clock_in, clock_out, att_date, total_hours) VALUES ('AT0096', 'EM0007', '2026-07-21 08:10:00', '2026-07-21 15:34:21.015069', '2026-07-21', 7.41);
INSERT INTO ATTENDANCE (att_id, emp_no, clock_in, clock_out, att_date, total_hours) VALUES ('AT0097', 'EM0007', '2026-07-22 08:00:00', '2026-07-22 15:17:04.774029', '2026-07-22', 7.28);
INSERT INTO ATTENDANCE (att_id, emp_no, clock_in, clock_out, att_date, total_hours) VALUES ('AT0098', 'EM0007', '2026-07-23 08:07:00', NULL, '2026-07-23', NULL);
INSERT INTO ATTENDANCE (att_id, emp_no, clock_in, clock_out, att_date, total_hours) VALUES ('AT0099', 'EM0008', '2026-07-03 08:09:00', '2026-07-03 15:07:44.941712', '2026-07-03', 6.98);
INSERT INTO ATTENDANCE (att_id, emp_no, clock_in, clock_out, att_date, total_hours) VALUES ('AT0100', 'EM0008', '2026-07-06 08:29:00', '2026-07-06 17:40:07.278394', '2026-07-06', 9.19);
INSERT INTO ATTENDANCE (att_id, emp_no, clock_in, clock_out, att_date, total_hours) VALUES ('AT0101', 'EM0008', '2026-07-07 08:09:00', '2026-07-07 16:43:15.136076', '2026-07-07', 8.57);
INSERT INTO ATTENDANCE (att_id, emp_no, clock_in, clock_out, att_date, total_hours) VALUES ('AT0102', 'EM0008', '2026-07-08 08:30:00', '2026-07-08 15:53:06.406082', '2026-07-08', 7.39);
INSERT INTO ATTENDANCE (att_id, emp_no, clock_in, clock_out, att_date, total_hours) VALUES ('AT0103', 'EM0008', '2026-07-09 08:07:00', '2026-07-09 17:29:19.493798', '2026-07-09', 9.37);
INSERT INTO ATTENDANCE (att_id, emp_no, clock_in, clock_out, att_date, total_hours) VALUES ('AT0104', 'EM0008', '2026-07-10 08:14:00', '2026-07-10 16:58:35.536241', '2026-07-10', 8.74);
INSERT INTO ATTENDANCE (att_id, emp_no, clock_in, clock_out, att_date, total_hours) VALUES ('AT0105', 'EM0008', '2026-07-13 08:13:00', '2026-07-13 16:49:20.959850', '2026-07-13', 8.61);
INSERT INTO ATTENDANCE (att_id, emp_no, clock_in, clock_out, att_date, total_hours) VALUES ('AT0106', 'EM0008', '2026-07-14 08:24:00', '2026-07-14 16:30:45.191027', '2026-07-14', 8.11);
INSERT INTO ATTENDANCE (att_id, emp_no, clock_in, clock_out, att_date, total_hours) VALUES ('AT0107', 'EM0008', '2026-07-15 08:06:00', '2026-07-15 16:53:08.083896', '2026-07-15', 8.79);
INSERT INTO ATTENDANCE (att_id, emp_no, clock_in, clock_out, att_date, total_hours) VALUES ('AT0108', 'EM0008', '2026-07-16 08:19:00', '2026-07-16 17:26:09.858632', '2026-07-16', 9.12);
INSERT INTO ATTENDANCE (att_id, emp_no, clock_in, clock_out, att_date, total_hours) VALUES ('AT0109', 'EM0008', '2026-07-17 08:14:00', '2026-07-17 16:19:04.269740', '2026-07-17', 8.08);
INSERT INTO ATTENDANCE (att_id, emp_no, clock_in, clock_out, att_date, total_hours) VALUES ('AT0110', 'EM0008', '2026-07-20 08:29:00', '2026-07-20 16:40:33.022201', '2026-07-20', 8.19);
INSERT INTO ATTENDANCE (att_id, emp_no, clock_in, clock_out, att_date, total_hours) VALUES ('AT0111', 'EM0008', '2026-07-22 08:16:00', '2026-07-22 15:22:23.293213', '2026-07-22', 7.11);
INSERT INTO ATTENDANCE (att_id, emp_no, clock_in, clock_out, att_date, total_hours) VALUES ('AT0112', 'EM0008', '2026-07-23 08:05:00', NULL, '2026-07-23', NULL);
INSERT INTO ATTENDANCE (att_id, emp_no, clock_in, clock_out, att_date, total_hours) VALUES ('AT0113', 'EM0009', '2026-07-03 08:03:00', '2026-07-03 16:35:27.188570', '2026-07-03', 8.54);
INSERT INTO ATTENDANCE (att_id, emp_no, clock_in, clock_out, att_date, total_hours) VALUES ('AT0114', 'EM0009', '2026-07-06 08:15:00', '2026-07-06 15:01:22.169760', '2026-07-06', 6.77);
INSERT INTO ATTENDANCE (att_id, emp_no, clock_in, clock_out, att_date, total_hours) VALUES ('AT0115', 'EM0009', '2026-07-07 08:25:00', '2026-07-07 15:05:00.866703', '2026-07-07', 6.67);
INSERT INTO ATTENDANCE (att_id, emp_no, clock_in, clock_out, att_date, total_hours) VALUES ('AT0116', 'EM0009', '2026-07-08 08:13:00', '2026-07-08 16:05:13.423538', '2026-07-08', 7.87);
INSERT INTO ATTENDANCE (att_id, emp_no, clock_in, clock_out, att_date, total_hours) VALUES ('AT0117', 'EM0009', '2026-07-10 08:25:00', '2026-07-10 15:50:28.231292', '2026-07-10', 7.42);
INSERT INTO ATTENDANCE (att_id, emp_no, clock_in, clock_out, att_date, total_hours) VALUES ('AT0118', 'EM0009', '2026-07-14 08:00:00', '2026-07-14 16:44:14.688415', '2026-07-14', 8.74);
INSERT INTO ATTENDANCE (att_id, emp_no, clock_in, clock_out, att_date, total_hours) VALUES ('AT0119', 'EM0009', '2026-07-15 08:01:00', '2026-07-15 15:47:15.931756', '2026-07-15', 7.77);
INSERT INTO ATTENDANCE (att_id, emp_no, clock_in, clock_out, att_date, total_hours) VALUES ('AT0120', 'EM0009', '2026-07-16 08:17:00', '2026-07-16 17:45:56.535533', '2026-07-16', 9.48);
INSERT INTO ATTENDANCE (att_id, emp_no, clock_in, clock_out, att_date, total_hours) VALUES ('AT0121', 'EM0009', '2026-07-17 08:02:00', '2026-07-17 17:29:30.282279', '2026-07-17', 9.46);
INSERT INTO ATTENDANCE (att_id, emp_no, clock_in, clock_out, att_date, total_hours) VALUES ('AT0122', 'EM0009', '2026-07-20 08:09:00', '2026-07-20 15:52:35.762907', '2026-07-20', 7.73);
INSERT INTO ATTENDANCE (att_id, emp_no, clock_in, clock_out, att_date, total_hours) VALUES ('AT0123', 'EM0009', '2026-07-21 08:24:00', '2026-07-21 16:49:28.470002', '2026-07-21', 8.42);
INSERT INTO ATTENDANCE (att_id, emp_no, clock_in, clock_out, att_date, total_hours) VALUES ('AT0124', 'EM0009', '2026-07-22 08:30:00', '2026-07-22 16:15:39.908940', '2026-07-22', 7.76);
INSERT INTO ATTENDANCE (att_id, emp_no, clock_in, clock_out, att_date, total_hours) VALUES ('AT0125', 'EM0009', '2026-07-23 08:12:00', '2026-07-23 17:27:04.842828', '2026-07-23', 9.25);
INSERT INTO ATTENDANCE (att_id, emp_no, clock_in, clock_out, att_date, total_hours) VALUES ('AT0126', 'EM0010', '2026-07-03 08:02:00', '2026-07-03 16:34:53.487824', '2026-07-03', 8.55);
INSERT INTO ATTENDANCE (att_id, emp_no, clock_in, clock_out, att_date, total_hours) VALUES ('AT0127', 'EM0010', '2026-07-06 08:17:00', '2026-07-06 15:10:56.289908', '2026-07-06', 6.9);
INSERT INTO ATTENDANCE (att_id, emp_no, clock_in, clock_out, att_date, total_hours) VALUES ('AT0128', 'EM0010', '2026-07-07 08:03:00', '2026-07-07 15:05:07.515193', '2026-07-07', 7.04);
INSERT INTO ATTENDANCE (att_id, emp_no, clock_in, clock_out, att_date, total_hours) VALUES ('AT0129', 'EM0010', '2026-07-08 08:16:00', '2026-07-08 15:08:55.348543', '2026-07-08', 6.88);
INSERT INTO ATTENDANCE (att_id, emp_no, clock_in, clock_out, att_date, total_hours) VALUES ('AT0130', 'EM0010', '2026-07-09 08:26:00', '2026-07-09 14:56:37.511585', '2026-07-09', 6.51);
INSERT INTO ATTENDANCE (att_id, emp_no, clock_in, clock_out, att_date, total_hours) VALUES ('AT0131', 'EM0010', '2026-07-13 08:21:00', '2026-07-13 17:00:26.214930', '2026-07-13', 8.66);
INSERT INTO ATTENDANCE (att_id, emp_no, clock_in, clock_out, att_date, total_hours) VALUES ('AT0132', 'EM0010', '2026-07-14 08:12:00', '2026-07-14 17:10:12.292724', '2026-07-14', 8.97);
INSERT INTO ATTENDANCE (att_id, emp_no, clock_in, clock_out, att_date, total_hours) VALUES ('AT0133', 'EM0010', '2026-07-15 08:11:00', '2026-07-15 15:08:55.310831', '2026-07-15', 6.97);
INSERT INTO ATTENDANCE (att_id, emp_no, clock_in, clock_out, att_date, total_hours) VALUES ('AT0134', 'EM0010', '2026-07-16 08:28:00', '2026-07-16 17:08:30.258616', '2026-07-16', 8.68);
INSERT INTO ATTENDANCE (att_id, emp_no, clock_in, clock_out, att_date, total_hours) VALUES ('AT0135', 'EM0010', '2026-07-17 08:25:00', '2026-07-17 16:53:50.135007', '2026-07-17', 8.48);
INSERT INTO ATTENDANCE (att_id, emp_no, clock_in, clock_out, att_date, total_hours) VALUES ('AT0136', 'EM0010', '2026-07-20 08:29:00', '2026-07-20 17:38:04.571516', '2026-07-20', 9.15);
INSERT INTO ATTENDANCE (att_id, emp_no, clock_in, clock_out, att_date, total_hours) VALUES ('AT0137', 'EM0010', '2026-07-22 08:03:00', '2026-07-22 16:19:54.596793', '2026-07-22', 8.28);
INSERT INTO ATTENDANCE (att_id, emp_no, clock_in, clock_out, att_date, total_hours) VALUES ('AT0138', 'EM0010', '2026-07-23 08:21:00', '2026-07-23 14:59:45.704269', '2026-07-23', 6.65);
INSERT INTO ATTENDANCE (att_id, emp_no, clock_in, clock_out, att_date, total_hours) VALUES ('AT0139', 'EM0011', '2026-07-03 08:12:00', '2026-07-03 16:01:00.798364', '2026-07-03', 7.82);
INSERT INTO ATTENDANCE (att_id, emp_no, clock_in, clock_out, att_date, total_hours) VALUES ('AT0140', 'EM0011', '2026-07-06 08:24:00', '2026-07-06 17:29:28.286621', '2026-07-06', 9.09);
INSERT INTO ATTENDANCE (att_id, emp_no, clock_in, clock_out, att_date, total_hours) VALUES ('AT0141', 'EM0011', '2026-07-08 08:09:00', '2026-07-08 15:21:08.944385', '2026-07-08', 7.2);
INSERT INTO ATTENDANCE (att_id, emp_no, clock_in, clock_out, att_date, total_hours) VALUES ('AT0142', 'EM0011', '2026-07-09 08:18:00', '2026-07-09 15:45:24.159921', '2026-07-09', 7.46);
INSERT INTO ATTENDANCE (att_id, emp_no, clock_in, clock_out, att_date, total_hours) VALUES ('AT0143', 'EM0011', '2026-07-10 08:21:00', '2026-07-10 17:18:18.530882', '2026-07-10', 8.96);
INSERT INTO ATTENDANCE (att_id, emp_no, clock_in, clock_out, att_date, total_hours) VALUES ('AT0144', 'EM0011', '2026-07-13 08:28:00', '2026-07-13 15:23:47.212689', '2026-07-13', 6.93);
INSERT INTO ATTENDANCE (att_id, emp_no, clock_in, clock_out, att_date, total_hours) VALUES ('AT0145', 'EM0011', '2026-07-14 08:07:00', '2026-07-14 15:51:26.450230', '2026-07-14', 7.74);
INSERT INTO ATTENDANCE (att_id, emp_no, clock_in, clock_out, att_date, total_hours) VALUES ('AT0146', 'EM0011', '2026-07-15 08:17:00', '2026-07-15 17:37:44.018754', '2026-07-15', 9.35);
INSERT INTO ATTENDANCE (att_id, emp_no, clock_in, clock_out, att_date, total_hours) VALUES ('AT0147', 'EM0011', '2026-07-16 08:29:00', '2026-07-16 15:30:31.438433', '2026-07-16', 7.03);
INSERT INTO ATTENDANCE (att_id, emp_no, clock_in, clock_out, att_date, total_hours) VALUES ('AT0148', 'EM0011', '2026-07-17 08:17:00', '2026-07-17 16:16:12.704505', '2026-07-17', 7.99);
INSERT INTO ATTENDANCE (att_id, emp_no, clock_in, clock_out, att_date, total_hours) VALUES ('AT0149', 'EM0011', '2026-07-20 08:30:00', '2026-07-20 16:55:47.813505', '2026-07-20', 8.43);
INSERT INTO ATTENDANCE (att_id, emp_no, clock_in, clock_out, att_date, total_hours) VALUES ('AT0150', 'EM0011', '2026-07-21 08:16:00', '2026-07-21 15:43:22.332139', '2026-07-21', 7.46);
INSERT INTO ATTENDANCE (att_id, emp_no, clock_in, clock_out, att_date, total_hours) VALUES ('AT0151', 'EM0011', '2026-07-22 08:04:00', '2026-07-22 15:27:58.795740', '2026-07-22', 7.4);
INSERT INTO ATTENDANCE (att_id, emp_no, clock_in, clock_out, att_date, total_hours) VALUES ('AT0152', 'EM0011', '2026-07-23 08:17:00', '2026-07-23 17:19:52.882068', '2026-07-23', 9.05);
INSERT INTO ATTENDANCE (att_id, emp_no, clock_in, clock_out, att_date, total_hours) VALUES ('AT0153', 'EM0012', '2026-07-03 08:22:00', '2026-07-03 15:17:58.998891', '2026-07-03', 6.93);
INSERT INTO ATTENDANCE (att_id, emp_no, clock_in, clock_out, att_date, total_hours) VALUES ('AT0154', 'EM0012', '2026-07-06 08:01:00', '2026-07-06 16:12:13.768256', '2026-07-06', 8.19);
INSERT INTO ATTENDANCE (att_id, emp_no, clock_in, clock_out, att_date, total_hours) VALUES ('AT0155', 'EM0012', '2026-07-07 08:17:00', '2026-07-07 16:22:23.911591', '2026-07-07', 8.09);
INSERT INTO ATTENDANCE (att_id, emp_no, clock_in, clock_out, att_date, total_hours) VALUES ('AT0156', 'EM0012', '2026-07-08 08:08:00', '2026-07-08 15:14:36.036717', '2026-07-08', 7.11);
INSERT INTO ATTENDANCE (att_id, emp_no, clock_in, clock_out, att_date, total_hours) VALUES ('AT0157', 'EM0012', '2026-07-09 08:29:00', '2026-07-09 16:19:57.697719', '2026-07-09', 7.85);
INSERT INTO ATTENDANCE (att_id, emp_no, clock_in, clock_out, att_date, total_hours) VALUES ('AT0158', 'EM0012', '2026-07-10 08:17:00', '2026-07-10 16:57:25.514893', '2026-07-10', 8.67);
INSERT INTO ATTENDANCE (att_id, emp_no, clock_in, clock_out, att_date, total_hours) VALUES ('AT0159', 'EM0012', '2026-07-13 08:08:00', '2026-07-13 15:45:53.414130', '2026-07-13', 7.63);
INSERT INTO ATTENDANCE (att_id, emp_no, clock_in, clock_out, att_date, total_hours) VALUES ('AT0160', 'EM0012', '2026-07-14 08:01:00', '2026-07-14 17:08:15.100952', '2026-07-14', 9.12);
INSERT INTO ATTENDANCE (att_id, emp_no, clock_in, clock_out, att_date, total_hours) VALUES ('AT0161', 'EM0012', '2026-07-15 08:24:00', '2026-07-15 16:39:45.903839', '2026-07-15', 8.26);
INSERT INTO ATTENDANCE (att_id, emp_no, clock_in, clock_out, att_date, total_hours) VALUES ('AT0162', 'EM0012', '2026-07-16 08:06:00', '2026-07-16 16:02:17.457430', '2026-07-16', 7.94);
INSERT INTO ATTENDANCE (att_id, emp_no, clock_in, clock_out, att_date, total_hours) VALUES ('AT0163', 'EM0012', '2026-07-17 08:10:00', '2026-07-17 15:34:34.430677', '2026-07-17', 7.41);
INSERT INTO ATTENDANCE (att_id, emp_no, clock_in, clock_out, att_date, total_hours) VALUES ('AT0164', 'EM0012', '2026-07-20 08:06:00', '2026-07-20 17:24:41.325443', '2026-07-20', 9.31);
INSERT INTO ATTENDANCE (att_id, emp_no, clock_in, clock_out, att_date, total_hours) VALUES ('AT0165', 'EM0012', '2026-07-21 08:03:00', '2026-07-21 16:47:26.295657', '2026-07-21', 8.74);
INSERT INTO ATTENDANCE (att_id, emp_no, clock_in, clock_out, att_date, total_hours) VALUES ('AT0166', 'EM0012', '2026-07-22 08:29:00', '2026-07-22 15:42:40.006364', '2026-07-22', 7.23);
INSERT INTO ATTENDANCE (att_id, emp_no, clock_in, clock_out, att_date, total_hours) VALUES ('AT0167', 'EM0012', '2026-07-23 08:06:00', NULL, '2026-07-23', NULL);
INSERT INTO ATTENDANCE (att_id, emp_no, clock_in, clock_out, att_date, total_hours) VALUES ('AT0168', 'EM0013', '2026-07-03 08:10:00', '2026-07-03 16:59:35.549926', '2026-07-03', 8.83);
INSERT INTO ATTENDANCE (att_id, emp_no, clock_in, clock_out, att_date, total_hours) VALUES ('AT0169', 'EM0013', '2026-07-06 08:17:00', '2026-07-06 16:43:46.190472', '2026-07-06', 8.45);
INSERT INTO ATTENDANCE (att_id, emp_no, clock_in, clock_out, att_date, total_hours) VALUES ('AT0170', 'EM0013', '2026-07-07 08:11:00', '2026-07-07 16:13:18.418632', '2026-07-07', 8.04);
INSERT INTO ATTENDANCE (att_id, emp_no, clock_in, clock_out, att_date, total_hours) VALUES ('AT0171', 'EM0013', '2026-07-08 08:03:00', '2026-07-08 16:57:30.419516', '2026-07-08', 8.91);
INSERT INTO ATTENDANCE (att_id, emp_no, clock_in, clock_out, att_date, total_hours) VALUES ('AT0172', 'EM0013', '2026-07-09 08:24:00', '2026-07-09 17:25:09.096761', '2026-07-09', 9.02);
INSERT INTO ATTENDANCE (att_id, emp_no, clock_in, clock_out, att_date, total_hours) VALUES ('AT0173', 'EM0013', '2026-07-10 08:11:00', '2026-07-10 15:37:19.557804', '2026-07-10', 7.44);
INSERT INTO ATTENDANCE (att_id, emp_no, clock_in, clock_out, att_date, total_hours) VALUES ('AT0174', 'EM0013', '2026-07-14 08:23:00', '2026-07-14 15:19:15.965302', '2026-07-14', 6.94);
INSERT INTO ATTENDANCE (att_id, emp_no, clock_in, clock_out, att_date, total_hours) VALUES ('AT0175', 'EM0013', '2026-07-15 08:29:00', '2026-07-15 16:44:07.544510', '2026-07-15', 8.25);
INSERT INTO ATTENDANCE (att_id, emp_no, clock_in, clock_out, att_date, total_hours) VALUES ('AT0176', 'EM0013', '2026-07-16 08:09:00', '2026-07-16 15:06:26.043230', '2026-07-16', 6.96);
INSERT INTO ATTENDANCE (att_id, emp_no, clock_in, clock_out, att_date, total_hours) VALUES ('AT0177', 'EM0013', '2026-07-17 08:12:00', '2026-07-17 16:24:33.726737', '2026-07-17', 8.21);
INSERT INTO ATTENDANCE (att_id, emp_no, clock_in, clock_out, att_date, total_hours) VALUES ('AT0178', 'EM0013', '2026-07-20 08:17:00', '2026-07-20 16:44:49.766034', '2026-07-20', 8.46);
INSERT INTO ATTENDANCE (att_id, emp_no, clock_in, clock_out, att_date, total_hours) VALUES ('AT0179', 'EM0013', '2026-07-21 08:08:00', '2026-07-21 16:55:24.294757', '2026-07-21', 8.79);
INSERT INTO ATTENDANCE (att_id, emp_no, clock_in, clock_out, att_date, total_hours) VALUES ('AT0180', 'EM0013', '2026-07-22 08:23:00', '2026-07-22 16:48:30.300108', '2026-07-22', 8.43);
INSERT INTO ATTENDANCE (att_id, emp_no, clock_in, clock_out, att_date, total_hours) VALUES ('AT0181', 'EM0013', '2026-07-23 08:05:00', '2026-07-23 15:38:23.502618', '2026-07-23', 7.56);
INSERT INTO ATTENDANCE (att_id, emp_no, clock_in, clock_out, att_date, total_hours) VALUES ('AT0182', 'EM0014', '2026-07-03 08:17:00', '2026-07-03 16:14:53.816270', '2026-07-03', 7.96);
INSERT INTO ATTENDANCE (att_id, emp_no, clock_in, clock_out, att_date, total_hours) VALUES ('AT0183', 'EM0014', '2026-07-06 08:17:00', '2026-07-06 17:45:15.494242', '2026-07-06', 9.47);
INSERT INTO ATTENDANCE (att_id, emp_no, clock_in, clock_out, att_date, total_hours) VALUES ('AT0184', 'EM0014', '2026-07-07 08:16:00', '2026-07-07 14:52:05.296577', '2026-07-07', 6.6);
INSERT INTO ATTENDANCE (att_id, emp_no, clock_in, clock_out, att_date, total_hours) VALUES ('AT0185', 'EM0014', '2026-07-08 08:30:00', '2026-07-08 17:27:14.355837', '2026-07-08', 8.95);
INSERT INTO ATTENDANCE (att_id, emp_no, clock_in, clock_out, att_date, total_hours) VALUES ('AT0186', 'EM0014', '2026-07-13 08:20:00', '2026-07-13 15:31:39.480634', '2026-07-13', 7.19);
INSERT INTO ATTENDANCE (att_id, emp_no, clock_in, clock_out, att_date, total_hours) VALUES ('AT0187', 'EM0014', '2026-07-14 08:00:00', '2026-07-14 15:09:22.172463', '2026-07-14', 7.16);
INSERT INTO ATTENDANCE (att_id, emp_no, clock_in, clock_out, att_date, total_hours) VALUES ('AT0188', 'EM0014', '2026-07-15 08:01:00', '2026-07-15 16:22:12.620547', '2026-07-15', 8.35);
INSERT INTO ATTENDANCE (att_id, emp_no, clock_in, clock_out, att_date, total_hours) VALUES ('AT0189', 'EM0014', '2026-07-16 08:19:00', '2026-07-16 17:33:17.715711', '2026-07-16', 9.24);
INSERT INTO ATTENDANCE (att_id, emp_no, clock_in, clock_out, att_date, total_hours) VALUES ('AT0190', 'EM0014', '2026-07-17 08:00:00', '2026-07-17 14:31:11.413456', '2026-07-17', 6.52);
INSERT INTO ATTENDANCE (att_id, emp_no, clock_in, clock_out, att_date, total_hours) VALUES ('AT0191', 'EM0014', '2026-07-20 08:00:00', '2026-07-20 14:33:00.642394', '2026-07-20', 6.55);
INSERT INTO ATTENDANCE (att_id, emp_no, clock_in, clock_out, att_date, total_hours) VALUES ('AT0192', 'EM0014', '2026-07-21 08:17:00', '2026-07-21 17:42:56.776961', '2026-07-21', 9.43);
INSERT INTO ATTENDANCE (att_id, emp_no, clock_in, clock_out, att_date, total_hours) VALUES ('AT0193', 'EM0014', '2026-07-23 08:21:00', '2026-07-23 17:40:08.888658', '2026-07-23', 9.32);
INSERT INTO ATTENDANCE (att_id, emp_no, clock_in, clock_out, att_date, total_hours) VALUES ('AT0194', 'EM0015', '2026-07-03 08:29:00', '2026-07-03 15:16:20.190015', '2026-07-03', 6.79);
INSERT INTO ATTENDANCE (att_id, emp_no, clock_in, clock_out, att_date, total_hours) VALUES ('AT0195', 'EM0015', '2026-07-06 08:06:00', '2026-07-06 16:27:33.633098', '2026-07-06', 8.36);
INSERT INTO ATTENDANCE (att_id, emp_no, clock_in, clock_out, att_date, total_hours) VALUES ('AT0196', 'EM0015', '2026-07-07 08:11:00', '2026-07-07 15:29:07.107156', '2026-07-07', 7.3);
INSERT INTO ATTENDANCE (att_id, emp_no, clock_in, clock_out, att_date, total_hours) VALUES ('AT0197', 'EM0015', '2026-07-08 08:11:00', '2026-07-08 17:33:40.416177', '2026-07-08', 9.38);
INSERT INTO ATTENDANCE (att_id, emp_no, clock_in, clock_out, att_date, total_hours) VALUES ('AT0198', 'EM0015', '2026-07-09 08:07:00', '2026-07-09 17:35:14.516742', '2026-07-09', 9.47);
INSERT INTO ATTENDANCE (att_id, emp_no, clock_in, clock_out, att_date, total_hours) VALUES ('AT0199', 'EM0015', '2026-07-10 08:21:00', '2026-07-10 17:20:03.070450', '2026-07-10', 8.98);
INSERT INTO ATTENDANCE (att_id, emp_no, clock_in, clock_out, att_date, total_hours) VALUES ('AT0200', 'EM0015', '2026-07-13 08:27:00', '2026-07-13 16:53:58.860079', '2026-07-13', 8.45);
INSERT INTO ATTENDANCE (att_id, emp_no, clock_in, clock_out, att_date, total_hours) VALUES ('AT0201', 'EM0015', '2026-07-15 08:12:00', '2026-07-15 16:21:29.175547', '2026-07-15', 8.16);
INSERT INTO ATTENDANCE (att_id, emp_no, clock_in, clock_out, att_date, total_hours) VALUES ('AT0202', 'EM0015', '2026-07-20 08:15:00', '2026-07-20 17:17:09.561781', '2026-07-20', 9.04);
INSERT INTO ATTENDANCE (att_id, emp_no, clock_in, clock_out, att_date, total_hours) VALUES ('AT0203', 'EM0015', '2026-07-21 08:10:00', '2026-07-21 16:21:51.251582', '2026-07-21', 8.2);
INSERT INTO ATTENDANCE (att_id, emp_no, clock_in, clock_out, att_date, total_hours) VALUES ('AT0204', 'EM0015', '2026-07-22 08:03:00', '2026-07-22 17:14:03.745091', '2026-07-22', 9.18);
INSERT INTO ATTENDANCE (att_id, emp_no, clock_in, clock_out, att_date, total_hours) VALUES ('AT0205', 'EM0015', '2026-07-23 08:07:00', NULL, '2026-07-23', NULL);
INSERT INTO ATTENDANCE (att_id, emp_no, clock_in, clock_out, att_date, total_hours) VALUES ('AT0206', 'EM0016', '2026-07-03 08:28:00', '2026-07-03 16:40:01.268787', '2026-07-03', 8.2);
INSERT INTO ATTENDANCE (att_id, emp_no, clock_in, clock_out, att_date, total_hours) VALUES ('AT0207', 'EM0016', '2026-07-06 08:29:00', '2026-07-06 15:12:22.959047', '2026-07-06', 6.72);
INSERT INTO ATTENDANCE (att_id, emp_no, clock_in, clock_out, att_date, total_hours) VALUES ('AT0208', 'EM0016', '2026-07-07 08:28:00', '2026-07-07 16:35:44.731542', '2026-07-07', 8.13);
INSERT INTO ATTENDANCE (att_id, emp_no, clock_in, clock_out, att_date, total_hours) VALUES ('AT0209', 'EM0016', '2026-07-08 08:05:00', '2026-07-08 17:22:10.676702', '2026-07-08', 9.29);
INSERT INTO ATTENDANCE (att_id, emp_no, clock_in, clock_out, att_date, total_hours) VALUES ('AT0210', 'EM0016', '2026-07-09 08:30:00', '2026-07-09 15:37:17.307646', '2026-07-09', 7.12);
INSERT INTO ATTENDANCE (att_id, emp_no, clock_in, clock_out, att_date, total_hours) VALUES ('AT0211', 'EM0016', '2026-07-10 08:26:00', '2026-07-10 17:04:17.283119', '2026-07-10', 8.64);
INSERT INTO ATTENDANCE (att_id, emp_no, clock_in, clock_out, att_date, total_hours) VALUES ('AT0212', 'EM0016', '2026-07-13 08:02:00', '2026-07-13 15:25:52.190407', '2026-07-13', 7.4);
INSERT INTO ATTENDANCE (att_id, emp_no, clock_in, clock_out, att_date, total_hours) VALUES ('AT0213', 'EM0016', '2026-07-14 08:18:00', '2026-07-14 17:18:14.226049', '2026-07-14', 9.0);
INSERT INTO ATTENDANCE (att_id, emp_no, clock_in, clock_out, att_date, total_hours) VALUES ('AT0214', 'EM0016', '2026-07-15 08:28:00', '2026-07-15 16:35:18.074255', '2026-07-15', 8.12);
INSERT INTO ATTENDANCE (att_id, emp_no, clock_in, clock_out, att_date, total_hours) VALUES ('AT0215', 'EM0016', '2026-07-16 08:23:00', '2026-07-16 15:18:11.466418', '2026-07-16', 6.92);
INSERT INTO ATTENDANCE (att_id, emp_no, clock_in, clock_out, att_date, total_hours) VALUES ('AT0216', 'EM0016', '2026-07-17 08:23:00', '2026-07-17 15:07:07.019063', '2026-07-17', 6.74);
INSERT INTO ATTENDANCE (att_id, emp_no, clock_in, clock_out, att_date, total_hours) VALUES ('AT0217', 'EM0016', '2026-07-20 08:11:00', '2026-07-20 14:50:39.921465', '2026-07-20', 6.66);
INSERT INTO ATTENDANCE (att_id, emp_no, clock_in, clock_out, att_date, total_hours) VALUES ('AT0218', 'EM0016', '2026-07-21 08:26:00', '2026-07-21 15:09:40.997063', '2026-07-21', 6.73);
INSERT INTO ATTENDANCE (att_id, emp_no, clock_in, clock_out, att_date, total_hours) VALUES ('AT0219', 'EM0016', '2026-07-22 08:19:00', '2026-07-22 17:40:52.470687', '2026-07-22', 9.36);
INSERT INTO ATTENDANCE (att_id, emp_no, clock_in, clock_out, att_date, total_hours) VALUES ('AT0220', 'EM0016', '2026-07-23 08:24:00', NULL, '2026-07-23', NULL);
INSERT INTO ATTENDANCE (att_id, emp_no, clock_in, clock_out, att_date, total_hours) VALUES ('AT0221', 'EM0017', '2026-07-03 08:25:00', '2026-07-03 17:53:39.927487', '2026-07-03', 9.48);
INSERT INTO ATTENDANCE (att_id, emp_no, clock_in, clock_out, att_date, total_hours) VALUES ('AT0222', 'EM0017', '2026-07-06 08:11:00', '2026-07-06 16:20:32.807429', '2026-07-06', 8.16);
INSERT INTO ATTENDANCE (att_id, emp_no, clock_in, clock_out, att_date, total_hours) VALUES ('AT0223', 'EM0017', '2026-07-07 08:05:00', '2026-07-07 16:37:20.704467', '2026-07-07', 8.54);
INSERT INTO ATTENDANCE (att_id, emp_no, clock_in, clock_out, att_date, total_hours) VALUES ('AT0224', 'EM0017', '2026-07-08 08:02:00', '2026-07-08 16:50:59.407965', '2026-07-08', 8.82);
INSERT INTO ATTENDANCE (att_id, emp_no, clock_in, clock_out, att_date, total_hours) VALUES ('AT0225', 'EM0017', '2026-07-09 08:07:00', '2026-07-09 16:45:21.572153', '2026-07-09', 8.64);
INSERT INTO ATTENDANCE (att_id, emp_no, clock_in, clock_out, att_date, total_hours) VALUES ('AT0226', 'EM0017', '2026-07-10 08:04:00', '2026-07-10 15:42:23.999925', '2026-07-10', 7.64);
INSERT INTO ATTENDANCE (att_id, emp_no, clock_in, clock_out, att_date, total_hours) VALUES ('AT0227', 'EM0017', '2026-07-13 08:04:00', '2026-07-13 16:47:08.277121', '2026-07-13', 8.72);
INSERT INTO ATTENDANCE (att_id, emp_no, clock_in, clock_out, att_date, total_hours) VALUES ('AT0228', 'EM0017', '2026-07-14 08:03:00', '2026-07-14 14:49:28.420630', '2026-07-14', 6.77);
INSERT INTO ATTENDANCE (att_id, emp_no, clock_in, clock_out, att_date, total_hours) VALUES ('AT0229', 'EM0017', '2026-07-15 08:14:00', '2026-07-15 15:48:47.108971', '2026-07-15', 7.58);
INSERT INTO ATTENDANCE (att_id, emp_no, clock_in, clock_out, att_date, total_hours) VALUES ('AT0230', 'EM0017', '2026-07-16 08:04:00', '2026-07-16 14:49:42.810109', '2026-07-16', 6.76);
INSERT INTO ATTENDANCE (att_id, emp_no, clock_in, clock_out, att_date, total_hours) VALUES ('AT0231', 'EM0017', '2026-07-17 08:17:00', '2026-07-17 16:26:51.192007', '2026-07-17', 8.16);
INSERT INTO ATTENDANCE (att_id, emp_no, clock_in, clock_out, att_date, total_hours) VALUES ('AT0232', 'EM0017', '2026-07-20 08:00:00', '2026-07-20 14:46:07.883493', '2026-07-20', 6.77);
INSERT INTO ATTENDANCE (att_id, emp_no, clock_in, clock_out, att_date, total_hours) VALUES ('AT0233', 'EM0017', '2026-07-21 08:19:00', '2026-07-21 16:36:38.873016', '2026-07-21', 8.29);
INSERT INTO ATTENDANCE (att_id, emp_no, clock_in, clock_out, att_date, total_hours) VALUES ('AT0234', 'EM0017', '2026-07-22 08:12:00', '2026-07-22 14:44:13.278641', '2026-07-22', 6.54);
INSERT INTO ATTENDANCE (att_id, emp_no, clock_in, clock_out, att_date, total_hours) VALUES ('AT0235', 'EM0017', '2026-07-23 08:24:00', NULL, '2026-07-23', NULL);
INSERT INTO ATTENDANCE (att_id, emp_no, clock_in, clock_out, att_date, total_hours) VALUES ('AT0236', 'EM0018', '2026-07-03 08:28:00', '2026-07-03 17:56:41.486161', '2026-07-03', 9.48);
INSERT INTO ATTENDANCE (att_id, emp_no, clock_in, clock_out, att_date, total_hours) VALUES ('AT0237', 'EM0018', '2026-07-06 08:16:00', '2026-07-06 15:16:31.495573', '2026-07-06', 7.01);
INSERT INTO ATTENDANCE (att_id, emp_no, clock_in, clock_out, att_date, total_hours) VALUES ('AT0238', 'EM0018', '2026-07-07 08:04:00', '2026-07-07 15:22:24.324806', '2026-07-07', 7.31);
INSERT INTO ATTENDANCE (att_id, emp_no, clock_in, clock_out, att_date, total_hours) VALUES ('AT0239', 'EM0018', '2026-07-08 08:04:00', '2026-07-08 14:45:23.285223', '2026-07-08', 6.69);
INSERT INTO ATTENDANCE (att_id, emp_no, clock_in, clock_out, att_date, total_hours) VALUES ('AT0240', 'EM0018', '2026-07-09 08:13:00', '2026-07-09 15:36:57.324342', '2026-07-09', 7.4);
INSERT INTO ATTENDANCE (att_id, emp_no, clock_in, clock_out, att_date, total_hours) VALUES ('AT0241', 'EM0018', '2026-07-10 08:11:00', '2026-07-10 15:26:18.357168', '2026-07-10', 7.26);
INSERT INTO ATTENDANCE (att_id, emp_no, clock_in, clock_out, att_date, total_hours) VALUES ('AT0242', 'EM0018', '2026-07-13 08:20:00', '2026-07-13 16:19:14.666317', '2026-07-13', 7.99);
INSERT INTO ATTENDANCE (att_id, emp_no, clock_in, clock_out, att_date, total_hours) VALUES ('AT0243', 'EM0018', '2026-07-14 08:14:00', '2026-07-14 15:03:15.301570', '2026-07-14', 6.82);
INSERT INTO ATTENDANCE (att_id, emp_no, clock_in, clock_out, att_date, total_hours) VALUES ('AT0244', 'EM0018', '2026-07-15 08:30:00', '2026-07-15 16:11:13.473367', '2026-07-15', 7.69);
INSERT INTO ATTENDANCE (att_id, emp_no, clock_in, clock_out, att_date, total_hours) VALUES ('AT0245', 'EM0018', '2026-07-16 08:12:00', '2026-07-16 17:06:44.025789', '2026-07-16', 8.91);
INSERT INTO ATTENDANCE (att_id, emp_no, clock_in, clock_out, att_date, total_hours) VALUES ('AT0246', 'EM0018', '2026-07-17 08:10:00', '2026-07-17 15:57:30.655186', '2026-07-17', 7.79);
INSERT INTO ATTENDANCE (att_id, emp_no, clock_in, clock_out, att_date, total_hours) VALUES ('AT0247', 'EM0018', '2026-07-20 08:20:00', '2026-07-20 17:45:21.634066', '2026-07-20', 9.42);
INSERT INTO ATTENDANCE (att_id, emp_no, clock_in, clock_out, att_date, total_hours) VALUES ('AT0248', 'EM0018', '2026-07-21 08:10:00', '2026-07-21 16:28:34.681699', '2026-07-21', 8.31);
INSERT INTO ATTENDANCE (att_id, emp_no, clock_in, clock_out, att_date, total_hours) VALUES ('AT0249', 'EM0018', '2026-07-22 08:15:00', '2026-07-22 15:41:33.179437', '2026-07-22', 7.44);
INSERT INTO ATTENDANCE (att_id, emp_no, clock_in, clock_out, att_date, total_hours) VALUES ('AT0250', 'EM0018', '2026-07-23 08:30:00', NULL, '2026-07-23', NULL);
INSERT INTO ATTENDANCE (att_id, emp_no, clock_in, clock_out, att_date, total_hours) VALUES ('AT0251', 'EM0019', '2026-07-03 08:20:00', '2026-07-03 16:18:22.878979', '2026-07-03', 7.97);
INSERT INTO ATTENDANCE (att_id, emp_no, clock_in, clock_out, att_date, total_hours) VALUES ('AT0252', 'EM0019', '2026-07-06 08:07:00', '2026-07-06 15:35:39.571364', '2026-07-06', 7.48);
INSERT INTO ATTENDANCE (att_id, emp_no, clock_in, clock_out, att_date, total_hours) VALUES ('AT0253', 'EM0019', '2026-07-07 08:25:00', '2026-07-07 16:05:43.699401', '2026-07-07', 7.68);
INSERT INTO ATTENDANCE (att_id, emp_no, clock_in, clock_out, att_date, total_hours) VALUES ('AT0254', 'EM0019', '2026-07-08 08:18:00', '2026-07-08 15:23:57.840526', '2026-07-08', 7.1);
INSERT INTO ATTENDANCE (att_id, emp_no, clock_in, clock_out, att_date, total_hours) VALUES ('AT0255', 'EM0019', '2026-07-09 08:05:00', '2026-07-09 16:37:42.496438', '2026-07-09', 8.55);
INSERT INTO ATTENDANCE (att_id, emp_no, clock_in, clock_out, att_date, total_hours) VALUES ('AT0256', 'EM0019', '2026-07-10 08:30:00', '2026-07-10 17:10:53.904329', '2026-07-10', 8.68);
INSERT INTO ATTENDANCE (att_id, emp_no, clock_in, clock_out, att_date, total_hours) VALUES ('AT0257', 'EM0019', '2026-07-13 08:06:00', '2026-07-13 15:54:55.313507', '2026-07-13', 7.82);
INSERT INTO ATTENDANCE (att_id, emp_no, clock_in, clock_out, att_date, total_hours) VALUES ('AT0258', 'EM0019', '2026-07-14 08:22:00', '2026-07-14 15:04:26.913657', '2026-07-14', 6.71);
INSERT INTO ATTENDANCE (att_id, emp_no, clock_in, clock_out, att_date, total_hours) VALUES ('AT0259', 'EM0019', '2026-07-15 08:25:00', '2026-07-15 16:08:38.729175', '2026-07-15', 7.73);
INSERT INTO ATTENDANCE (att_id, emp_no, clock_in, clock_out, att_date, total_hours) VALUES ('AT0260', 'EM0019', '2026-07-16 08:20:00', '2026-07-16 15:44:30.592539', '2026-07-16', 7.41);
INSERT INTO ATTENDANCE (att_id, emp_no, clock_in, clock_out, att_date, total_hours) VALUES ('AT0261', 'EM0019', '2026-07-17 08:04:00', '2026-07-17 16:42:44.553026', '2026-07-17', 8.65);
INSERT INTO ATTENDANCE (att_id, emp_no, clock_in, clock_out, att_date, total_hours) VALUES ('AT0262', 'EM0019', '2026-07-20 08:02:00', '2026-07-20 15:52:49.920585', '2026-07-20', 7.85);
INSERT INTO ATTENDANCE (att_id, emp_no, clock_in, clock_out, att_date, total_hours) VALUES ('AT0263', 'EM0019', '2026-07-21 08:18:00', '2026-07-21 16:00:08.695051', '2026-07-21', 7.7);
INSERT INTO ATTENDANCE (att_id, emp_no, clock_in, clock_out, att_date, total_hours) VALUES ('AT0264', 'EM0019', '2026-07-22 08:29:00', '2026-07-22 17:35:32.044224', '2026-07-22', 9.11);
INSERT INTO ATTENDANCE (att_id, emp_no, clock_in, clock_out, att_date, total_hours) VALUES ('AT0265', 'EM0019', '2026-07-23 08:01:00', '2026-07-23 15:35:42.918525', '2026-07-23', 7.58);
INSERT INTO ATTENDANCE (att_id, emp_no, clock_in, clock_out, att_date, total_hours) VALUES ('AT0266', 'EM0020', '2026-07-03 08:17:00', '2026-07-03 16:33:53.255388', '2026-07-03', 8.28);
INSERT INTO ATTENDANCE (att_id, emp_no, clock_in, clock_out, att_date, total_hours) VALUES ('AT0267', 'EM0020', '2026-07-06 08:03:00', '2026-07-06 16:51:24.703718', '2026-07-06', 8.81);
INSERT INTO ATTENDANCE (att_id, emp_no, clock_in, clock_out, att_date, total_hours) VALUES ('AT0268', 'EM0020', '2026-07-07 08:11:00', '2026-07-07 15:10:56.455727', '2026-07-07', 7.0);
INSERT INTO ATTENDANCE (att_id, emp_no, clock_in, clock_out, att_date, total_hours) VALUES ('AT0269', 'EM0020', '2026-07-08 08:18:00', '2026-07-08 17:45:02.968624', '2026-07-08', 9.45);
INSERT INTO ATTENDANCE (att_id, emp_no, clock_in, clock_out, att_date, total_hours) VALUES ('AT0270', 'EM0020', '2026-07-09 08:12:00', '2026-07-09 17:36:01.560243', '2026-07-09', 9.4);
INSERT INTO ATTENDANCE (att_id, emp_no, clock_in, clock_out, att_date, total_hours) VALUES ('AT0271', 'EM0020', '2026-07-10 08:25:00', '2026-07-10 16:12:28.919874', '2026-07-10', 7.79);
INSERT INTO ATTENDANCE (att_id, emp_no, clock_in, clock_out, att_date, total_hours) VALUES ('AT0272', 'EM0020', '2026-07-14 08:16:00', '2026-07-14 17:00:26.012698', '2026-07-14', 8.74);
INSERT INTO ATTENDANCE (att_id, emp_no, clock_in, clock_out, att_date, total_hours) VALUES ('AT0273', 'EM0020', '2026-07-15 08:22:00', '2026-07-15 16:35:32.542301', '2026-07-15', 8.23);
INSERT INTO ATTENDANCE (att_id, emp_no, clock_in, clock_out, att_date, total_hours) VALUES ('AT0274', 'EM0020', '2026-07-16 08:12:00', '2026-07-16 16:05:21.082652', '2026-07-16', 7.89);
INSERT INTO ATTENDANCE (att_id, emp_no, clock_in, clock_out, att_date, total_hours) VALUES ('AT0275', 'EM0020', '2026-07-17 08:22:00', '2026-07-17 16:22:05.030441', '2026-07-17', 8.0);
INSERT INTO ATTENDANCE (att_id, emp_no, clock_in, clock_out, att_date, total_hours) VALUES ('AT0276', 'EM0020', '2026-07-20 08:00:00', '2026-07-20 15:56:53.927713', '2026-07-20', 7.95);
INSERT INTO ATTENDANCE (att_id, emp_no, clock_in, clock_out, att_date, total_hours) VALUES ('AT0277', 'EM0020', '2026-07-21 08:29:00', '2026-07-21 17:52:06.660949', '2026-07-21', 9.39);
INSERT INTO ATTENDANCE (att_id, emp_no, clock_in, clock_out, att_date, total_hours) VALUES ('AT0278', 'EM0020', '2026-07-22 08:30:00', '2026-07-22 17:11:25.627809', '2026-07-22', 8.69);
INSERT INTO ATTENDANCE (att_id, emp_no, clock_in, clock_out, att_date, total_hours) VALUES ('AT0279', 'EM0020', '2026-07-23 08:10:00', '2026-07-23 15:17:14.167123', '2026-07-23', 7.12);
INSERT INTO ATTENDANCE (att_id, emp_no, clock_in, clock_out, att_date, total_hours) VALUES ('AT0280', 'EM0021', '2026-07-03 08:15:00', '2026-07-03 15:02:34.328736', '2026-07-03', 6.79);
INSERT INTO ATTENDANCE (att_id, emp_no, clock_in, clock_out, att_date, total_hours) VALUES ('AT0281', 'EM0021', '2026-07-06 08:14:00', '2026-07-06 15:41:24.222322', '2026-07-06', 7.46);
INSERT INTO ATTENDANCE (att_id, emp_no, clock_in, clock_out, att_date, total_hours) VALUES ('AT0282', 'EM0021', '2026-07-07 08:25:00', '2026-07-07 17:02:56.413089', '2026-07-07', 8.63);
INSERT INTO ATTENDANCE (att_id, emp_no, clock_in, clock_out, att_date, total_hours) VALUES ('AT0283', 'EM0021', '2026-07-09 08:03:00', '2026-07-09 16:34:53.104795', '2026-07-09', 8.53);
INSERT INTO ATTENDANCE (att_id, emp_no, clock_in, clock_out, att_date, total_hours) VALUES ('AT0284', 'EM0021', '2026-07-10 08:23:00', '2026-07-10 15:36:54.259823', '2026-07-10', 7.23);
INSERT INTO ATTENDANCE (att_id, emp_no, clock_in, clock_out, att_date, total_hours) VALUES ('AT0285', 'EM0021', '2026-07-13 08:05:00', '2026-07-13 15:34:34.688280', '2026-07-13', 7.49);
INSERT INTO ATTENDANCE (att_id, emp_no, clock_in, clock_out, att_date, total_hours) VALUES ('AT0286', 'EM0021', '2026-07-14 08:14:00', '2026-07-14 15:25:44.039912', '2026-07-14', 7.2);
INSERT INTO ATTENDANCE (att_id, emp_no, clock_in, clock_out, att_date, total_hours) VALUES ('AT0287', 'EM0021', '2026-07-15 08:05:00', '2026-07-15 15:08:32.978793', '2026-07-15', 7.06);
INSERT INTO ATTENDANCE (att_id, emp_no, clock_in, clock_out, att_date, total_hours) VALUES ('AT0288', 'EM0021', '2026-07-16 08:12:00', '2026-07-16 14:47:15.276563', '2026-07-16', 6.59);
INSERT INTO ATTENDANCE (att_id, emp_no, clock_in, clock_out, att_date, total_hours) VALUES ('AT0289', 'EM0021', '2026-07-17 08:06:00', '2026-07-17 15:56:55.410123', '2026-07-17', 7.85);
INSERT INTO ATTENDANCE (att_id, emp_no, clock_in, clock_out, att_date, total_hours) VALUES ('AT0290', 'EM0021', '2026-07-20 08:00:00', '2026-07-20 16:36:51.144652', '2026-07-20', 8.61);
INSERT INTO ATTENDANCE (att_id, emp_no, clock_in, clock_out, att_date, total_hours) VALUES ('AT0291', 'EM0021', '2026-07-21 08:24:00', '2026-07-21 17:00:40.605228', '2026-07-21', 8.61);
INSERT INTO ATTENDANCE (att_id, emp_no, clock_in, clock_out, att_date, total_hours) VALUES ('AT0292', 'EM0021', '2026-07-22 08:18:00', '2026-07-22 15:06:18.922126', '2026-07-22', 6.81);
INSERT INTO ATTENDANCE (att_id, emp_no, clock_in, clock_out, att_date, total_hours) VALUES ('AT0293', 'EM0021', '2026-07-23 08:05:00', NULL, '2026-07-23', NULL);
INSERT INTO ATTENDANCE (att_id, emp_no, clock_in, clock_out, att_date, total_hours) VALUES ('AT0294', 'EM0022', '2026-07-03 08:03:00', '2026-07-03 15:20:13.416671', '2026-07-03', 7.29);
INSERT INTO ATTENDANCE (att_id, emp_no, clock_in, clock_out, att_date, total_hours) VALUES ('AT0295', 'EM0022', '2026-07-06 08:16:00', '2026-07-06 17:39:51.897119', '2026-07-06', 9.4);
INSERT INTO ATTENDANCE (att_id, emp_no, clock_in, clock_out, att_date, total_hours) VALUES ('AT0296', 'EM0022', '2026-07-07 08:12:00', '2026-07-07 16:32:02.130948', '2026-07-07', 8.33);
INSERT INTO ATTENDANCE (att_id, emp_no, clock_in, clock_out, att_date, total_hours) VALUES ('AT0297', 'EM0022', '2026-07-08 08:11:00', '2026-07-08 15:44:21.437184', '2026-07-08', 7.56);
INSERT INTO ATTENDANCE (att_id, emp_no, clock_in, clock_out, att_date, total_hours) VALUES ('AT0298', 'EM0022', '2026-07-09 08:05:00', '2026-07-09 17:01:28.373146', '2026-07-09', 8.94);
INSERT INTO ATTENDANCE (att_id, emp_no, clock_in, clock_out, att_date, total_hours) VALUES ('AT0299', 'EM0022', '2026-07-10 08:09:00', '2026-07-10 17:24:21.771862', '2026-07-10', 9.26);
INSERT INTO ATTENDANCE (att_id, emp_no, clock_in, clock_out, att_date, total_hours) VALUES ('AT0300', 'EM0022', '2026-07-13 08:21:00', '2026-07-13 15:15:06.635912', '2026-07-13', 6.9);
INSERT INTO ATTENDANCE (att_id, emp_no, clock_in, clock_out, att_date, total_hours) VALUES ('AT0301', 'EM0022', '2026-07-14 08:09:00', '2026-07-14 15:00:03.048163', '2026-07-14', 6.85);
INSERT INTO ATTENDANCE (att_id, emp_no, clock_in, clock_out, att_date, total_hours) VALUES ('AT0302', 'EM0022', '2026-07-15 08:04:00', '2026-07-15 16:05:56.908590', '2026-07-15', 8.03);
INSERT INTO ATTENDANCE (att_id, emp_no, clock_in, clock_out, att_date, total_hours) VALUES ('AT0303', 'EM0022', '2026-07-16 08:04:00', '2026-07-16 16:17:27.905285', '2026-07-16', 8.22);
INSERT INTO ATTENDANCE (att_id, emp_no, clock_in, clock_out, att_date, total_hours) VALUES ('AT0304', 'EM0022', '2026-07-17 08:15:00', '2026-07-17 16:39:23.417734', '2026-07-17', 8.41);
INSERT INTO ATTENDANCE (att_id, emp_no, clock_in, clock_out, att_date, total_hours) VALUES ('AT0305', 'EM0022', '2026-07-20 08:20:00', '2026-07-20 17:37:31.505327', '2026-07-20', 9.29);
INSERT INTO ATTENDANCE (att_id, emp_no, clock_in, clock_out, att_date, total_hours) VALUES ('AT0306', 'EM0022', '2026-07-21 08:05:00', '2026-07-21 16:03:08.133883', '2026-07-21', 7.97);
INSERT INTO ATTENDANCE (att_id, emp_no, clock_in, clock_out, att_date, total_hours) VALUES ('AT0307', 'EM0022', '2026-07-22 08:10:00', '2026-07-22 17:11:33.440313', '2026-07-22', 9.03);
INSERT INTO ATTENDANCE (att_id, emp_no, clock_in, clock_out, att_date, total_hours) VALUES ('AT0308', 'EM0022', '2026-07-23 08:27:00', NULL, '2026-07-23', NULL);
INSERT INTO ATTENDANCE (att_id, emp_no, clock_in, clock_out, att_date, total_hours) VALUES ('AT0309', 'EM0023', '2026-07-06 08:26:00', '2026-07-06 16:05:06.597099', '2026-07-06', 7.65);
INSERT INTO ATTENDANCE (att_id, emp_no, clock_in, clock_out, att_date, total_hours) VALUES ('AT0310', 'EM0023', '2026-07-07 08:20:00', '2026-07-07 16:19:05.674357', '2026-07-07', 7.98);
INSERT INTO ATTENDANCE (att_id, emp_no, clock_in, clock_out, att_date, total_hours) VALUES ('AT0311', 'EM0023', '2026-07-08 08:13:00', '2026-07-08 16:50:49.537627', '2026-07-08', 8.63);
INSERT INTO ATTENDANCE (att_id, emp_no, clock_in, clock_out, att_date, total_hours) VALUES ('AT0312', 'EM0023', '2026-07-09 08:05:00', '2026-07-09 14:49:52.842758', '2026-07-09', 6.75);
INSERT INTO ATTENDANCE (att_id, emp_no, clock_in, clock_out, att_date, total_hours) VALUES ('AT0313', 'EM0023', '2026-07-13 08:09:00', '2026-07-13 14:44:53.106938', '2026-07-13', 6.6);
INSERT INTO ATTENDANCE (att_id, emp_no, clock_in, clock_out, att_date, total_hours) VALUES ('AT0314', 'EM0023', '2026-07-14 08:09:00', '2026-07-14 15:09:16.656956', '2026-07-14', 7.0);
INSERT INTO ATTENDANCE (att_id, emp_no, clock_in, clock_out, att_date, total_hours) VALUES ('AT0315', 'EM0023', '2026-07-15 08:23:00', '2026-07-15 17:12:03.514492', '2026-07-15', 8.82);
INSERT INTO ATTENDANCE (att_id, emp_no, clock_in, clock_out, att_date, total_hours) VALUES ('AT0316', 'EM0023', '2026-07-16 08:16:00', '2026-07-16 15:06:22.678749', '2026-07-16', 6.84);
INSERT INTO ATTENDANCE (att_id, emp_no, clock_in, clock_out, att_date, total_hours) VALUES ('AT0317', 'EM0023', '2026-07-17 08:24:00', '2026-07-17 16:31:45.546767', '2026-07-17', 8.13);
INSERT INTO ATTENDANCE (att_id, emp_no, clock_in, clock_out, att_date, total_hours) VALUES ('AT0318', 'EM0023', '2026-07-20 08:17:00', '2026-07-20 17:15:04.198020', '2026-07-20', 8.97);
INSERT INTO ATTENDANCE (att_id, emp_no, clock_in, clock_out, att_date, total_hours) VALUES ('AT0319', 'EM0023', '2026-07-22 08:17:00', '2026-07-22 15:26:20.252898', '2026-07-22', 7.16);
INSERT INTO ATTENDANCE (att_id, emp_no, clock_in, clock_out, att_date, total_hours) VALUES ('AT0320', 'EM0023', '2026-07-23 08:23:00', '2026-07-23 17:08:14.531343', '2026-07-23', 8.75);
INSERT INTO ATTENDANCE (att_id, emp_no, clock_in, clock_out, att_date, total_hours) VALUES ('AT0321', 'EM0024', '2026-07-03 08:01:00', '2026-07-03 15:51:57.109303', '2026-07-03', 7.85);
INSERT INTO ATTENDANCE (att_id, emp_no, clock_in, clock_out, att_date, total_hours) VALUES ('AT0322', 'EM0024', '2026-07-06 08:26:00', '2026-07-06 15:11:39.416465', '2026-07-06', 6.76);
INSERT INTO ATTENDANCE (att_id, emp_no, clock_in, clock_out, att_date, total_hours) VALUES ('AT0323', 'EM0024', '2026-07-07 08:03:00', '2026-07-07 16:52:36.821819', '2026-07-07', 8.83);
INSERT INTO ATTENDANCE (att_id, emp_no, clock_in, clock_out, att_date, total_hours) VALUES ('AT0324', 'EM0024', '2026-07-08 08:25:00', '2026-07-08 17:07:46.220206', '2026-07-08', 8.71);
INSERT INTO ATTENDANCE (att_id, emp_no, clock_in, clock_out, att_date, total_hours) VALUES ('AT0325', 'EM0024', '2026-07-09 08:27:00', '2026-07-09 17:04:56.142763', '2026-07-09', 8.63);
INSERT INTO ATTENDANCE (att_id, emp_no, clock_in, clock_out, att_date, total_hours) VALUES ('AT0326', 'EM0024', '2026-07-10 08:05:00', '2026-07-10 16:25:54.432958', '2026-07-10', 8.35);
INSERT INTO ATTENDANCE (att_id, emp_no, clock_in, clock_out, att_date, total_hours) VALUES ('AT0327', 'EM0024', '2026-07-13 08:26:00', '2026-07-13 15:33:14.981384', '2026-07-13', 7.12);
INSERT INTO ATTENDANCE (att_id, emp_no, clock_in, clock_out, att_date, total_hours) VALUES ('AT0328', 'EM0024', '2026-07-15 08:08:00', '2026-07-15 16:25:26.063008', '2026-07-15', 8.29);
INSERT INTO ATTENDANCE (att_id, emp_no, clock_in, clock_out, att_date, total_hours) VALUES ('AT0329', 'EM0024', '2026-07-16 08:22:00', '2026-07-16 15:44:40.454738', '2026-07-16', 7.38);
INSERT INTO ATTENDANCE (att_id, emp_no, clock_in, clock_out, att_date, total_hours) VALUES ('AT0330', 'EM0024', '2026-07-17 08:30:00', '2026-07-17 17:34:26.581925', '2026-07-17', 9.07);
INSERT INTO ATTENDANCE (att_id, emp_no, clock_in, clock_out, att_date, total_hours) VALUES ('AT0331', 'EM0024', '2026-07-20 08:21:00', '2026-07-20 17:17:43.953783', '2026-07-20', 8.95);
INSERT INTO ATTENDANCE (att_id, emp_no, clock_in, clock_out, att_date, total_hours) VALUES ('AT0332', 'EM0024', '2026-07-21 08:24:00', '2026-07-21 17:15:25.463322', '2026-07-21', 8.86);
INSERT INTO ATTENDANCE (att_id, emp_no, clock_in, clock_out, att_date, total_hours) VALUES ('AT0333', 'EM0024', '2026-07-22 08:08:00', '2026-07-22 17:14:04.113977', '2026-07-22', 9.1);
INSERT INTO ATTENDANCE (att_id, emp_no, clock_in, clock_out, att_date, total_hours) VALUES ('AT0334', 'EM0024', '2026-07-23 08:27:00', NULL, '2026-07-23', NULL);
INSERT INTO ATTENDANCE (att_id, emp_no, clock_in, clock_out, att_date, total_hours) VALUES ('AT0335', 'EM0025', '2026-07-03 08:10:00', '2026-07-03 17:09:07.603469', '2026-07-03', 8.99);
INSERT INTO ATTENDANCE (att_id, emp_no, clock_in, clock_out, att_date, total_hours) VALUES ('AT0336', 'EM0025', '2026-07-06 08:21:00', '2026-07-06 16:01:41.168103', '2026-07-06', 7.68);
INSERT INTO ATTENDANCE (att_id, emp_no, clock_in, clock_out, att_date, total_hours) VALUES ('AT0337', 'EM0025', '2026-07-07 08:20:00', '2026-07-07 15:38:22.145243', '2026-07-07', 7.31);
INSERT INTO ATTENDANCE (att_id, emp_no, clock_in, clock_out, att_date, total_hours) VALUES ('AT0338', 'EM0025', '2026-07-08 08:14:00', '2026-07-08 14:57:35.575752', '2026-07-08', 6.73);
INSERT INTO ATTENDANCE (att_id, emp_no, clock_in, clock_out, att_date, total_hours) VALUES ('AT0339', 'EM0025', '2026-07-09 08:24:00', '2026-07-09 15:10:45.423668', '2026-07-09', 6.78);
INSERT INTO ATTENDANCE (att_id, emp_no, clock_in, clock_out, att_date, total_hours) VALUES ('AT0340', 'EM0025', '2026-07-10 08:08:00', '2026-07-10 16:43:02.799050', '2026-07-10', 8.58);
INSERT INTO ATTENDANCE (att_id, emp_no, clock_in, clock_out, att_date, total_hours) VALUES ('AT0341', 'EM0025', '2026-07-13 08:14:00', '2026-07-13 17:35:02.744052', '2026-07-13', 9.35);
INSERT INTO ATTENDANCE (att_id, emp_no, clock_in, clock_out, att_date, total_hours) VALUES ('AT0342', 'EM0025', '2026-07-14 08:00:00', '2026-07-14 17:06:24.203839', '2026-07-14', 9.11);
INSERT INTO ATTENDANCE (att_id, emp_no, clock_in, clock_out, att_date, total_hours) VALUES ('AT0343', 'EM0025', '2026-07-15 08:02:00', '2026-07-15 16:43:34.064925', '2026-07-15', 8.69);
INSERT INTO ATTENDANCE (att_id, emp_no, clock_in, clock_out, att_date, total_hours) VALUES ('AT0344', 'EM0025', '2026-07-16 08:21:00', '2026-07-16 16:56:30.720960', '2026-07-16', 8.59);
INSERT INTO ATTENDANCE (att_id, emp_no, clock_in, clock_out, att_date, total_hours) VALUES ('AT0345', 'EM0025', '2026-07-17 08:25:00', '2026-07-17 16:31:11.784215', '2026-07-17', 8.1);
INSERT INTO ATTENDANCE (att_id, emp_no, clock_in, clock_out, att_date, total_hours) VALUES ('AT0346', 'EM0025', '2026-07-20 08:13:00', '2026-07-20 17:11:28.354594', '2026-07-20', 8.97);
INSERT INTO ATTENDANCE (att_id, emp_no, clock_in, clock_out, att_date, total_hours) VALUES ('AT0347', 'EM0025', '2026-07-21 08:10:00', '2026-07-21 17:09:06.111064', '2026-07-21', 8.99);
INSERT INTO ATTENDANCE (att_id, emp_no, clock_in, clock_out, att_date, total_hours) VALUES ('AT0348', 'EM0025', '2026-07-22 08:18:00', '2026-07-22 15:11:30.417903', '2026-07-22', 6.89);
INSERT INTO ATTENDANCE (att_id, emp_no, clock_in, clock_out, att_date, total_hours) VALUES ('AT0349', 'EM0025', '2026-07-23 08:25:00', NULL, '2026-07-23', NULL);
INSERT INTO ATTENDANCE (att_id, emp_no, clock_in, clock_out, att_date, total_hours) VALUES ('AT0350', 'EM0026', '2026-07-03 08:01:00', '2026-07-03 14:39:16.183597', '2026-07-03', 6.64);
INSERT INTO ATTENDANCE (att_id, emp_no, clock_in, clock_out, att_date, total_hours) VALUES ('AT0351', 'EM0026', '2026-07-06 08:26:00', '2026-07-06 16:18:43.483037', '2026-07-06', 7.88);
INSERT INTO ATTENDANCE (att_id, emp_no, clock_in, clock_out, att_date, total_hours) VALUES ('AT0352', 'EM0026', '2026-07-07 08:27:00', '2026-07-07 15:25:26.221962', '2026-07-07', 6.97);
INSERT INTO ATTENDANCE (att_id, emp_no, clock_in, clock_out, att_date, total_hours) VALUES ('AT0353', 'EM0026', '2026-07-08 08:30:00', '2026-07-08 16:17:00.232449', '2026-07-08', 7.78);
INSERT INTO ATTENDANCE (att_id, emp_no, clock_in, clock_out, att_date, total_hours) VALUES ('AT0354', 'EM0026', '2026-07-09 08:29:00', '2026-07-09 15:22:44.661344', '2026-07-09', 6.9);
INSERT INTO ATTENDANCE (att_id, emp_no, clock_in, clock_out, att_date, total_hours) VALUES ('AT0355', 'EM0026', '2026-07-10 08:05:00', '2026-07-10 17:12:23.772388', '2026-07-10', 9.12);
INSERT INTO ATTENDANCE (att_id, emp_no, clock_in, clock_out, att_date, total_hours) VALUES ('AT0356', 'EM0026', '2026-07-13 08:02:00', '2026-07-13 16:29:49.550016', '2026-07-13', 8.46);
INSERT INTO ATTENDANCE (att_id, emp_no, clock_in, clock_out, att_date, total_hours) VALUES ('AT0357', 'EM0026', '2026-07-14 08:11:00', '2026-07-14 16:40:36.695163', '2026-07-14', 8.49);
INSERT INTO ATTENDANCE (att_id, emp_no, clock_in, clock_out, att_date, total_hours) VALUES ('AT0358', 'EM0026', '2026-07-15 08:01:00', '2026-07-15 15:42:20.488923', '2026-07-15', 7.69);
INSERT INTO ATTENDANCE (att_id, emp_no, clock_in, clock_out, att_date, total_hours) VALUES ('AT0359', 'EM0026', '2026-07-16 08:22:00', '2026-07-16 17:07:56.507296', '2026-07-16', 8.77);
INSERT INTO ATTENDANCE (att_id, emp_no, clock_in, clock_out, att_date, total_hours) VALUES ('AT0360', 'EM0026', '2026-07-17 08:02:00', '2026-07-17 16:38:39.938829', '2026-07-17', 8.61);
INSERT INTO ATTENDANCE (att_id, emp_no, clock_in, clock_out, att_date, total_hours) VALUES ('AT0361', 'EM0026', '2026-07-21 08:04:00', '2026-07-21 16:20:51.738566', '2026-07-21', 8.28);
INSERT INTO ATTENDANCE (att_id, emp_no, clock_in, clock_out, att_date, total_hours) VALUES ('AT0362', 'EM0026', '2026-07-22 08:14:00', '2026-07-22 14:45:40.299034', '2026-07-22', 6.53);
INSERT INTO ATTENDANCE (att_id, emp_no, clock_in, clock_out, att_date, total_hours) VALUES ('AT0363', 'EM0026', '2026-07-23 08:26:00', NULL, '2026-07-23', NULL);
INSERT INTO ATTENDANCE (att_id, emp_no, clock_in, clock_out, att_date, total_hours) VALUES ('AT0364', 'EM0027', '2026-07-03 08:22:00', '2026-07-03 15:15:47.491632', '2026-07-03', 6.9);
INSERT INTO ATTENDANCE (att_id, emp_no, clock_in, clock_out, att_date, total_hours) VALUES ('AT0365', 'EM0027', '2026-07-07 08:23:00', '2026-07-07 17:18:04.333805', '2026-07-07', 8.92);
INSERT INTO ATTENDANCE (att_id, emp_no, clock_in, clock_out, att_date, total_hours) VALUES ('AT0366', 'EM0027', '2026-07-08 08:11:00', '2026-07-08 17:19:34.681146', '2026-07-08', 9.14);
INSERT INTO ATTENDANCE (att_id, emp_no, clock_in, clock_out, att_date, total_hours) VALUES ('AT0367', 'EM0027', '2026-07-09 08:24:00', '2026-07-09 17:20:24.373576', '2026-07-09', 8.94);
INSERT INTO ATTENDANCE (att_id, emp_no, clock_in, clock_out, att_date, total_hours) VALUES ('AT0368', 'EM0027', '2026-07-10 08:20:00', '2026-07-10 17:48:43.753677', '2026-07-10', 9.48);
INSERT INTO ATTENDANCE (att_id, emp_no, clock_in, clock_out, att_date, total_hours) VALUES ('AT0369', 'EM0027', '2026-07-13 08:16:00', '2026-07-13 16:27:23.545116', '2026-07-13', 8.19);
INSERT INTO ATTENDANCE (att_id, emp_no, clock_in, clock_out, att_date, total_hours) VALUES ('AT0370', 'EM0027', '2026-07-14 08:05:00', '2026-07-14 15:54:13.073744', '2026-07-14', 7.82);
INSERT INTO ATTENDANCE (att_id, emp_no, clock_in, clock_out, att_date, total_hours) VALUES ('AT0371', 'EM0027', '2026-07-15 08:20:00', '2026-07-15 17:04:41.303433', '2026-07-15', 8.74);
INSERT INTO ATTENDANCE (att_id, emp_no, clock_in, clock_out, att_date, total_hours) VALUES ('AT0372', 'EM0027', '2026-07-16 08:19:00', '2026-07-16 16:52:34.914635', '2026-07-16', 8.56);
INSERT INTO ATTENDANCE (att_id, emp_no, clock_in, clock_out, att_date, total_hours) VALUES ('AT0373', 'EM0027', '2026-07-17 08:02:00', '2026-07-17 17:13:23.203813', '2026-07-17', 9.19);
INSERT INTO ATTENDANCE (att_id, emp_no, clock_in, clock_out, att_date, total_hours) VALUES ('AT0374', 'EM0027', '2026-07-20 08:03:00', '2026-07-20 16:19:07.398312', '2026-07-20', 8.27);
INSERT INTO ATTENDANCE (att_id, emp_no, clock_in, clock_out, att_date, total_hours) VALUES ('AT0375', 'EM0027', '2026-07-21 08:30:00', '2026-07-21 16:17:17.398408', '2026-07-21', 7.79);
INSERT INTO ATTENDANCE (att_id, emp_no, clock_in, clock_out, att_date, total_hours) VALUES ('AT0376', 'EM0027', '2026-07-22 08:07:00', '2026-07-22 15:26:51.250695', '2026-07-22', 7.33);
INSERT INTO ATTENDANCE (att_id, emp_no, clock_in, clock_out, att_date, total_hours) VALUES ('AT0377', 'EM0027', '2026-07-23 08:17:00', '2026-07-23 16:56:48.740100', '2026-07-23', 8.66);
INSERT INTO ATTENDANCE (att_id, emp_no, clock_in, clock_out, att_date, total_hours) VALUES ('AT0378', 'EM0028', '2026-07-03 08:30:00', '2026-07-03 17:04:17.141610', '2026-07-03', 8.57);
INSERT INTO ATTENDANCE (att_id, emp_no, clock_in, clock_out, att_date, total_hours) VALUES ('AT0379', 'EM0028', '2026-07-06 08:21:00', '2026-07-06 17:28:38.933631', '2026-07-06', 9.13);
INSERT INTO ATTENDANCE (att_id, emp_no, clock_in, clock_out, att_date, total_hours) VALUES ('AT0380', 'EM0028', '2026-07-07 08:19:00', '2026-07-07 16:20:42.843714', '2026-07-07', 8.03);
INSERT INTO ATTENDANCE (att_id, emp_no, clock_in, clock_out, att_date, total_hours) VALUES ('AT0381', 'EM0028', '2026-07-08 08:09:00', '2026-07-08 16:35:18.633566', '2026-07-08', 8.44);
INSERT INTO ATTENDANCE (att_id, emp_no, clock_in, clock_out, att_date, total_hours) VALUES ('AT0382', 'EM0028', '2026-07-09 08:25:00', '2026-07-09 17:46:50.452323', '2026-07-09', 9.36);
INSERT INTO ATTENDANCE (att_id, emp_no, clock_in, clock_out, att_date, total_hours) VALUES ('AT0383', 'EM0028', '2026-07-10 08:03:00', '2026-07-10 15:16:23.682961', '2026-07-10', 7.22);
INSERT INTO ATTENDANCE (att_id, emp_no, clock_in, clock_out, att_date, total_hours) VALUES ('AT0384', 'EM0028', '2026-07-13 08:02:00', '2026-07-13 16:07:05.494210', '2026-07-13', 8.08);
INSERT INTO ATTENDANCE (att_id, emp_no, clock_in, clock_out, att_date, total_hours) VALUES ('AT0385', 'EM0028', '2026-07-14 08:11:00', '2026-07-14 17:29:06.383538', '2026-07-14', 9.3);
INSERT INTO ATTENDANCE (att_id, emp_no, clock_in, clock_out, att_date, total_hours) VALUES ('AT0386', 'EM0028', '2026-07-15 08:27:00', '2026-07-15 17:28:00.911671', '2026-07-15', 9.02);
INSERT INTO ATTENDANCE (att_id, emp_no, clock_in, clock_out, att_date, total_hours) VALUES ('AT0387', 'EM0028', '2026-07-16 08:17:00', '2026-07-16 16:49:55.774129', '2026-07-16', 8.55);
INSERT INTO ATTENDANCE (att_id, emp_no, clock_in, clock_out, att_date, total_hours) VALUES ('AT0388', 'EM0028', '2026-07-17 08:30:00', '2026-07-17 17:57:43.555660', '2026-07-17', 9.46);
INSERT INTO ATTENDANCE (att_id, emp_no, clock_in, clock_out, att_date, total_hours) VALUES ('AT0389', 'EM0028', '2026-07-21 08:00:00', '2026-07-21 15:17:11.600993', '2026-07-21', 7.29);
INSERT INTO ATTENDANCE (att_id, emp_no, clock_in, clock_out, att_date, total_hours) VALUES ('AT0390', 'EM0029', '2026-07-03 08:16:00', '2026-07-03 15:37:34.068241', '2026-07-03', 7.36);
INSERT INTO ATTENDANCE (att_id, emp_no, clock_in, clock_out, att_date, total_hours) VALUES ('AT0391', 'EM0029', '2026-07-06 08:24:00', '2026-07-06 16:08:46.665539', '2026-07-06', 7.75);
INSERT INTO ATTENDANCE (att_id, emp_no, clock_in, clock_out, att_date, total_hours) VALUES ('AT0392', 'EM0029', '2026-07-07 08:02:00', '2026-07-07 16:27:17.802714', '2026-07-07', 8.42);
INSERT INTO ATTENDANCE (att_id, emp_no, clock_in, clock_out, att_date, total_hours) VALUES ('AT0393', 'EM0029', '2026-07-08 08:04:00', '2026-07-08 15:23:56.651546', '2026-07-08', 7.33);
INSERT INTO ATTENDANCE (att_id, emp_no, clock_in, clock_out, att_date, total_hours) VALUES ('AT0394', 'EM0029', '2026-07-09 08:16:00', '2026-07-09 17:31:45.988475', '2026-07-09', 9.26);
INSERT INTO ATTENDANCE (att_id, emp_no, clock_in, clock_out, att_date, total_hours) VALUES ('AT0395', 'EM0029', '2026-07-10 08:04:00', '2026-07-10 16:10:33.013867', '2026-07-10', 8.11);
INSERT INTO ATTENDANCE (att_id, emp_no, clock_in, clock_out, att_date, total_hours) VALUES ('AT0396', 'EM0029', '2026-07-13 08:20:00', '2026-07-13 17:07:22.820616', '2026-07-13', 8.79);
INSERT INTO ATTENDANCE (att_id, emp_no, clock_in, clock_out, att_date, total_hours) VALUES ('AT0397', 'EM0029', '2026-07-14 08:20:00', '2026-07-14 15:01:54.042903', '2026-07-14', 6.7);
INSERT INTO ATTENDANCE (att_id, emp_no, clock_in, clock_out, att_date, total_hours) VALUES ('AT0398', 'EM0029', '2026-07-15 08:23:00', '2026-07-15 17:44:37.022149', '2026-07-15', 9.36);
INSERT INTO ATTENDANCE (att_id, emp_no, clock_in, clock_out, att_date, total_hours) VALUES ('AT0399', 'EM0029', '2026-07-16 08:07:00', '2026-07-16 14:52:31.098223', '2026-07-16', 6.76);
INSERT INTO ATTENDANCE (att_id, emp_no, clock_in, clock_out, att_date, total_hours) VALUES ('AT0400', 'EM0029', '2026-07-17 08:14:00', '2026-07-17 16:34:12.805380', '2026-07-17', 8.34);
INSERT INTO ATTENDANCE (att_id, emp_no, clock_in, clock_out, att_date, total_hours) VALUES ('AT0401', 'EM0029', '2026-07-21 08:21:00', '2026-07-21 17:04:19.108347', '2026-07-21', 8.72);
INSERT INTO ATTENDANCE (att_id, emp_no, clock_in, clock_out, att_date, total_hours) VALUES ('AT0402', 'EM0029', '2026-07-22 08:22:00', '2026-07-22 15:16:41.887412', '2026-07-22', 6.91);

-- Explicit-key inserts above don't advance the identity sequences, so fix them up
-- to the max value used; otherwise the app's next INSERT collides on the PK.
SELECT setval('employee_seq', (SELECT COALESCE(MAX(SUBSTRING(emp_no FROM 3)::INT), 0) FROM EMPLOYEE));
SELECT setval('job_seq', (SELECT COALESCE(MAX(SUBSTRING(job_no FROM 3)::INT), 0) FROM JOB));
SELECT setval('customer_seq', (SELECT COALESCE(MAX(SUBSTRING(cust_no FROM 3)::INT), 0) FROM CUSTOMER));
SELECT setval('vehicle_seq', (SELECT COALESCE(MAX(SUBSTRING(vehi_id FROM 3)::INT), 0) FROM VEHICLE));
SELECT setval('jobs_seq', (SELECT COALESCE(MAX(SUBSTRING(job_id FROM 3)::INT), 0) FROM JOBS));
SELECT setval('invoice_seq', (SELECT COALESCE(MAX(SUBSTRING(inv_no FROM 3)::INT), 0) FROM INVOICE));
SELECT setval('payment_seq', (SELECT COALESCE(MAX(SUBSTRING(pay_no FROM 3)::INT), 0) FROM PAYMENT));
SELECT setval('attendance_seq', (SELECT COALESCE(MAX(SUBSTRING(att_id FROM 3)::INT), 0) FROM ATTENDANCE));

